,repo_name,topics
0,gooofy/zamia-prolog,"['prolog', 'prolog-dialect', 'python', 'logic-programming', 'declarative-language', 'embeddable']"
1,knowrob/knowrob,"['knowledge-base', 'knowledge-graph', 'prolog', 'query-answering', 'reasoning', 'robotics']"
2,MaximovInk/NodeLogic,"['logic-gates', 'logic-programming', 'unity', 'unity2d', 'unity2d-game']"
3,isquicha/exercicios-logica,"['programming', 'logic', 'python', 'c', 'cpp', 'lua']"
4,hendrycks/math,"['math', 'reasoning', 'logic']"
5,bnidia/Philosophers,"['algorithms', 'c', 'logic', 'rigor', 'unix']"
6,fallen/SucreLA,"['analyzer', 'ecp5', 'fpga', 'litex', 'logic', 'migen', 'risc-v', 'hydrausb3']"
7,marcincuber/modal_logic,"['modal', 'logic', 'logic-programming', 'complexity', 'graph-theory', 'graph-algorithms', 'complexity-theory', 'modal-logic', 'temporal-logic']"
8,HussainAther/awesome-philosophy,"['awesome-list', 'philosophy', 'ethics', 'aesthetics', 'logic', 'epistemology', 'history-of-philosophy', 'philosophy-of-science', 'philosophy-of-mind']"
9,Galigator/openllet,"['owl', 'logic', 'reasoner', 'semantic', 'owl-api', 'jena', 'java', 'owl2', 'inference']"
10,jakobjpeters/PAndQ.jl,"['julia', 'logic', 'symbolic', 'julialang', 'propositional-logic']"
11,whitemech/flloat,"['logic', 'linear-temporal-logic', 'propositional-logic', 'automata', 'ltlf', 'ldlf']"
12,alexanderskulikov/discrete-math-python-scripts,"['python', 'mathematics', 'discrete-mathematics', 'combinatorics', 'recursion', 'induction', 'algorithms', 'bayes', 'logic', 'probability', 'python3', 'dynamic-programming', 'combinatorics-and-probability', 'cryptography', 'number-theory', 'enumeration', 'graph-algorithms', 'graphs']"
13,utahnlp/structured_tuning_srl,"['semantic-role-labeling', 'srl', 'logic', 'loss-functions', 'structured', 'regularization', 'roberta', 'pytorch', 'finetuning']"
14,minetest-mods/mesecons,"['minetest', 'redstone', 'wires', 'logic', 'minetest-mod']"
15,go-air/gini,"['sat-solver', 'concurrent', 'logic-programming', 'logic-circuit', 'resolution', 'boolean-formulas', 'artificial-intelligence', 'verification', 'testing', 'fuzzing', 'dependencies', 'circuit-sat']"
16,spamegg1/reviews,"['programming-languages', 'algorithms', 'computer-graphics', 'databases', 'logic', 'mathematics', 'networking', 'operating-systems', 'assembly', 'hdl', 'java', 'javascript', 'nand2tetris', 'python', 'racket', 'ruby', 'smlnj', 'scala', 'kotlin', 'c']"
17,bearycool11/PMLL_logic_loop_Knowledge_block,"['ai', 'chatgpt', 'lllama', 'logic', 'openai', 'logicloop', 'pmll', 'veniceai', 'azure', 'azure-devops', 'azure-functions', 'persistent-memory', 'persistent-memory-index', 'persistent-memory-logic-loop', 'efll', 'arll']"
18,Xachap/Neuro-FLOPER,"['neuro-floper', 'floper', 'python', 'neural-network', 'multilayer-perceptron-network', 'fuzzy-neural-network', 'tune', 'tuner', 'final-degree-project', 'dec-tau', 'keras', 'tensorflow', 'swi-prolog', 'iris', 'iris-dataset', 'fasill', 'malp', 'prolog']"
19,HKUNLP/SymGen,"['bash', 'codex', 'data-generation', 'mtop', 'prolog', 'python', 'sql', 'symbolic-language']"
20,mcsoto/cosmos,"['interpreter', 'prolog', 'cosmos', 'language', 'functors', 'logic-programming', 'composite-types', 'cosmos-language']"
21,oldcompcz/micro-PROLOG,"['z80', 'zx-spectrum', 'prolog']"
22,marklogic/ml-gradle,"['gradle', 'corb', 'marklogic', 'gradle-plugin', 'example', 'examples', 'sample', 'samples', 'mark', 'logic', 'mlcp']"
23,nclarius/pyPL,"['logic', 'propositional-logic', 'predicate-logic', 'first-order-logic', 'classical-logic', 'intuitionistic-logic', 'proof', 'model-checking', 'model-checker', 'model-generation', 'model-extraction', 'analytic-tableaux', 'modal-logic', 'theorem-prover']"
24,SimonBuxx/Linkuit-Studio,"['logic', 'simulator', 'simulation', 'cpu-design', 'logic-simulator', 'logic-simulation', 'logic-gates', 'logic-circuit', 'logic-circuit-simulator', 'logiccircuit']"
25,triska/the-power-of-prolog,"['prolog', 'book', 'logic-programming', 'teaching-materials', 'constraints']"
26,AyeshaShaukat/Project-Battle-Ships-Game,"['java', 'procedural-programming', 'logic-programming', 'game', 'arrays', 'simple', 'console-game']"
27,jessehamner/TechMillForKids,"['kids', 'logic-gates', 'workshop', 'computer-history', 'electronics', 'electricity', 'science', 'transistors', 'logic']"
28,dragonwasrobot/learn-prolog-now-exercises,['prolog']
29,davekinkead/reasons,"['argument-mapping', 'html', 'logic', 'critical-thinking']"
30,evoldoers/biomake,"['workflows', 'makefiles', 'gnu-make', 'swi-prolog', 'prolog', 'bioinformatics']"
31,FormalizedFormalLogic/Foundation,"['lean4', 'logic']"
32,CapelliC/hhprolog,"['prolog', 'prolog-implementation', 'virtual-machine', 'javascript', 'cpp']"
33,opennars/opennars,"['agi', 'aikr', 'nars', 'reasoning', 'logic', 'ai', 'agent', 'rl', 'learning', 'reinforcement', 'java', 'reasoner', 'semantic', 'graph', 'database', 'realtime', 'inference', 'solver', 'artificial-general-intelligence', 'nal']"
34,logsem/clutch,"['coq', 'couplings', 'iris', 'probabilistic', 'relational', 'asynchronous', 'higher-order', 'logic', 'separation-logic']"
35,nikolaydubina/go-hackers-delight,"['binary', 'book', 'c', 'logic', 'assembly', 'showcase', 'risc', 'bits']"
36,neogeodev/NeoGeoFPGA-sim,"['neogeo', 'fpga', 'verilog', 'logic', 'snk', 'arcade', 'mvs', 'chip', 'simulation', 'neo-geo']"
37,namin/clpset-miniKanren,"['scheme', 'minikanren', 'prolog', 'logic-programming', 'constraints', 'paper-implementations']"
38,coot/heyting-algebras,"['logic', 'haskell-library']"
39,ualib/agda-algebras,"['agda-library', 'universal-algebra', 'logic', 'foundations', 'type-theory', 'agda', 'model-theory', 'dependent-types']"
40,Lexpedite/blawx,"['rules-as-code', 'logic-programming', 'drag-and-drop', 'blockly', 'scasp']"
41,bramucas/xclingo2,"['answer-set-programming', 'logic-programming', 'explainability', 'debugging-tool']"
42,lorenzosinisi/retex,"['rete-algorithm', 'graph', 'elixir', 'protocol', 'rete', 'rule-engine', 'logic-programming']"
43,HarvardPL/formulog,"['datalog', 'logic-programming', 'smt', 'static-analysis', 'symbolic-execution']"
44,mndrix/list_util,"['prolog', 'lists']"
45,ixjf/logic-rs,"['logic', 'rust', 'parser', 'formulas', 'relational', 'predicate', 'first', 'order', 'first-order', 'truth-tree', 'consistency', 'formal-validity', 'validity', 'contingency', 'contradiction', 'tautology', 'pest', 'wasm']"
46,ParhamP/Natural_Logic_Interpreter,"['logic-programming', 'natural-language', 'logical-knowledge-inference', 'logical-knowledge-representation', 'logic-design']"
47,pipe01/LogicScript,"['dsl', 'logic-programming', 'verilog']"
48,quickstrom/ltl-visualizer,"['logic', 'temporal-operators', 'visualization']"
49,composewell/streamly,"['concurrency', 'streaming', 'reactive-programming', 'frp', 'haskell', 'non-determinism', 'logic-programming', 'stream-fusion', 'modular', 'arrays', 'folds', 'unicode', 'filesystem', 'network', 'parsers', 'pipes', 'unfolds', 'loops', 'dataflow', 'async']"
50,sdbtools/void-pi,"['gprolog', 'prolog', 'void-linux', 'voidlinux']"
51,UFrameIT/UFrameIT,"['educational-game', 'unity', 'logic', 'mathematical-knowledge-management', 'research-project']"
52,program-spiritual/KongFuOfArchitect,"['architect', 'architecture-guidelines', 'java', 'javascript', 'nodejs', 'perl', 'golang', 'go', 'python', 'erlang', 'rust', 'c', 'csharp', 'object-c', 'scala', 'swift', 'c-sharp', 'prolog', 'lisp']"
53,fenwii/LibraryBookSearchEngine,"['library', 'lib', 'book', 'books', 'search-engine', '197countries', 'students', 'student', 'university', 'college', 'academic', 'research', 'science', 'learning', 'teaching', 'thinking', 'logic', 'bookengine', 'librarysearchengine']"
54,jdswalker/Interpreter-in-Prolog,"['interpreter', 'lexer', 'parser', 'prolog', 'prolog-cfg', 'prolog-interpreter', 'swi-prolog', 'tokenizer']"
55,ualib/ualib.github.io,"['universal-algebra', 'agda', 'typetheory', 'formalization', 'dependent-types', 'agda-ualib', 'agda-library', 'logic']"
56,ilaspltd/ILASP-releases,"['logic-based-learning', 'inductive-logic-programming', 'artificial-intelligence', 'machine-learning', 'explainable-ml', 'answer-set-programming', 'logic-programming', 'ilasp']"
57,coastalwhite/wavedrom-rs,"['diagrams', 'digital', 'logic', 'svg', 'timing', 'wasm', 'wavedrom', 'waveform']"
58,crossbowerbt/prolog-talk,"['artificial-intelligence', 'common-lisp', 'natural-language-processing', 'prolog']"
59,fatho/logru,"['logic-programming', 'rust', 'hacktoberfest']"
60,ufocoder/javascript.anomaly,"['javascript', 'anomaly', 'closure', 'logic', 'math']"
61,Janko-dev/plogic,"['logic', 'repl', 'rust']"
62,AmrSaber/async-short-circuit,"['js', 'javascript', 'async', 'promise', 'promises', 'and', 'or', 'logic', 'short', 'circuit']"
63,QuMuLab/python-nnf,"['python', 'nnf', 'logic', 'dimacs']"
64,retrofor/iamai,"['onebot', 'python', 'bot', 'rasa', 'whl', 'gpt', 'ai', 'ml', 'artificial-intelligence', 'machine-learning', 'flow', 'flowchart', 'logic', 'logic-programming', 'rules']"
65,toblotron/praxis-ide,"['low-code', 'online-idecode-editor', 'prolog', 'prolog-programming-language', 'visual-programming-editor']"
66,sdiehl/haskell-picosat,"['picosat', 'picosat-solver', 'haskell', 'haskell-library', 'sat-solver', 'logic-programming', 'logic']"
67,black-sat/black,"['logic', 'temporal-logic', 'formal-verification', 'formal-methods', 'linear-temporal-logic']"
68,souffle-lang/souffle,"['datalog', 'static-code-analysis', 'souffle', 'translator', 'logic-programming']"
69,acharal/hopes,"['hopes', 'prolog', 'interpreter', 'higher-order-logic', 'logic-programming']"
70,trealla-prolog/trealla,"['prolog', 'prolog-interpreter', 'c', 'iso-prolog-standard', 'prolog-implementation', 'prolog-programming-language']"
71,Muqsit/arithmexp,"['composer-library', 'php', 'calculator', 'logic', 'math', 'parser', 'pmmp', 'pocketmine-mp', 'virion', 'mathematical-expression-parser', 'compiler', 'constant-folding', 'strength-reduction', 'optimization', 'phpstan-l9']"
72,timoniq/laurelang,['logic-programming']
73,ice1000/learn,"['learning', 'java', 'kotlin', 'haskell', 'c', 'go', 'cpp', 'clojure', 'csharp', 'dart', 'groovy', 'android', 'jni', 'prolog', 'python']"
74,tau-prolog/tau-prolog,"['tau-prolog', 'prolog-interpreter', 'iso-prolog-standard', 'javascript', 'prolog', 'prolog-programming-language', 'prolog-implementation', 'logic-programming']"
75,veyselusta/programming-language-research,"['compilers', 'programming-languages', 'type-theory', 'formal-methods', 'functional-programming', 'interpreters', 'logic']"
76,ekzhang/percival,"['data-visualization', 'datalog', 'logic-programming', 'query-language', 'dsl', 'reactive', 'visualization', 'charts', 'notebook']"
77,Aluriak/PowerGrASP,"['graph-compression', 'answer-set-programming', 'python', 'python-library']"
78,Anniepoo/prolog-examples,"['prolog', 'family-tree']"
79,w1nte/vscode-dlv-syntax-highlighting,"['dlv', 'syntax-highlighting', 'asp', 'vscode-extension', 'answer-set-programming']"
80,pietrobarbiero/logic_explained_networks,"['xai', 'explainable-ai', 'deep-learning', 'neural-networks', 'machine-learning', 'logic']"
81,tectijuana/logifun.archived,"['erlang', 'prolog-programming-language']"
82,shettyvarshaa/PRINCIPLES-OF-AI,"['alphabeta-pruning', 'artificial-intelligence', 'chatbot', 'crossword-puzzle', 'fuzzy-logic', 'nimgame', 'prolog-programming-language']"
83,grafana/thema,"['openapi', 'openapi3', 'cue', 'cuelang', 'grafana', 'schema', 'versioning', 'packaging', 'logic-programming', 'config']"
84,Braden1996/Cracking-the-Coding-Interview-TypeScript,"['typescript', 'algorithms', 'data-structures', 'logic', 'cracking-the-coding-interview', 'ts-jest', 'tslint', 'prettier']"
85,rutgerswiselab/NLR,"['neural', 'logic', 'reasoning']"
86,nuric/deeplogic,"['logic-programming', 'deep-learning']"
87,Jumaruba/LPL-solutions,"['lpl', 'logic', 'proof', 'fitch-proofs', 'fitch']"
88,DoctorWkt/TTL_TicTacToe,"['ttl', 'game', 'logic', 'circuit']"
89,daidr/truth-table,"['truth-table', 'truth-table-generator', 'math', 'logic']"
90,emarzion/SystemT,"['mathematics', 'logic', 'mathematical-logic']"
91,gralog/gralog,"['graph', 'algorithm', 'logic', 'visualization']"
92,pietrobarbiero/constraint-learning,"['neural-network', 'deep-learning', 'logic', 'explainable-ai', 'constraints', 'learning', 'python', 'pytorch', 'notebook-jupyter']"
93,RichardMoot/LinearOne,"['linear-logic', 'first-order-logic', 'theorem-proving', 'proof-net', 'displacement-calculus-grammars', 'swi-prolog', 'logic-programming', 'latex']"
94,namin/scalogno,"['scala', 'smt', 'tabling', 'metaprogramming', 'logic-programming']"
95,pkMinhas/MaschineKitDuplicator,"['maschine', 'daw', 'flstudio', 'ableton', 'logic']"
96,EricZinda/InductorProlog,"['prolog-implementation', 'prolog-compiler', 'inductor-prolog-engine', 'prolog', 'cpp']"
97,fnogatz/dcg4pt,"['prolog', 'parsing', 'grammar', 'definite-clause-grammar']"
98,ana-molinos/fund_prog,"['algorithm', 'algorithms', 'algoritmos', 'c', 'logic-programming', 'logica-de-programacao']"
99,xf-zhao/LoT,"['chain-of-thought', 'chain-of-thought-prompting', 'chain-of-thought-reasoning', 'chain-of-thoughts', 'language', 'language-model', 'llm', 'llms', 'logic', 'lot', 'reasoning', 'symbolic-logic', 'symbolic-logic-reasoning', 'zero-shot', 'coling', 'coling2024']"
100,SAP-samples/build-codejam,"['data-access', 'logic', 'sample', 'sap-build-apps', 'sap-build-process-automation', 'ui', 'sap-build-work-zone', 'sap-codejam']"
101,xamidi/pmGenerator,"['proof-theory', 'propositional-calculus', 'hpc', 'tbb', 'logic', 'condensed-detachment', 'proof-complexity', 'mpi', 'formal-proofs', 'hilbert-systems', 'frege-systems', 'mathematical-logic', 'unification']"
102,MNoorFawi/pytholog,"['symbolic-artificial-intelligence', 'logic-programming', 'neuro-symbolic-learning', 'python', 'prolog', 'prolog-syntax', 'backtracking']"
103,glennstreet/awesome-philosophy-compsci,"['computer-science', 'philosophy', 'logic', 'prolog']"
104,awalterschulze/gominikanren,"['go', 'minikanren', 'logic-programming']"
105,flandreas/antares,"['digital', 'circuit', 'simulation', 'education', 'learning', 'simulator', 'logic']"
106,uuverifiers/princess,"['logic', 'smt', 'smt-lib', 'smt-solver', 'theorem-prover']"
107,huangyz0918/TankLogo,"['tank', 'tank-game', 'game', 'netlogo', 'logic-programming', 'tech', 'teaching']"
108,triska/trs,"['trs', 'prolog', 'term-rewriting']"
109,eazar001/yesbot,"['prolog', 'swi-prolog', 'bot', 'irc-bot', 'irc-client', 'irc']"
110,MatthiasNickles/diff-SAT,"['satisfiability', 'answer-set-programming', 'optimization', 'probabilistic-programming', 'artificial-intelligence', 'sat-solver', 'logic-programming', 'psat', 'constraint-programming', 'differentiable-satisfiability', 'differentiable-programming', 'dimacs-cnf', 'probabilistic-asp', 'probabilistic-satisfiability', 'multi-models-optimization', 'weighted-sat-solving', 'probabilistic', 'probability']"
111,daviromero/anita,"['logic', 'analytic-tableaux', 'proof-assistant', 'teaching-tools']"
112,mountain/knowledge,"['clojure', 'knowledge', 'logic-programming', 'wikidata']"
113,dirkschumacher/logician,"['r', 'prolog', 'datalog', 'logic-programming']"
114,haldai/Jurassic.pl,"['prolog', 'julia', 'swi-prolog', 'interface']"
115,twolodzko/prolog-rs,"['prolog', 'prolog-implementation', 'prolog-interpreter', 'rust', 'rust-lang']"
116,fwcd/curry-language-server,"['curry', 'functional-programming', 'logic-programming', 'language-server-protocol', 'haskell']"
117,StrykerKKD/Logical,"['ocaml', 'logic-programming', 'microkanren']"
118,ljos/ob-prolog,"['emacs-lisp', 'org-mode', 'literate-programming', 'prolog']"
119,chicolucio/truth-table-generator,"['truth-table', 'logic', 'truth-table-generator', 'truth-tables', 'ttg', 'pandas-styling']"
120,Scrounger/ioBroker.linkeddevices,"['iobroker', 'iobroker-adapter', 'logic']"
121,Periklismant/oPIEC,"['complex-event-processing', 'complex-event-recognition', 'stream-reasoning', 'event-calculus', 'probabilistic-reasoning', 'activity-recognition', 'logic-programming']"
122,para-droid-ai/scratchpad,"['logic', 'model', 'reasoning', 'scratchpad']"
123,adyavanapalli/stanford-introduction-to-mathematical-thinking,"['logic', 'mathematical-thinking', 'mathematical-logic', 'stanford', 'coursera', 'number-theory', 'real-analysis']"
124,Hidorikun/Faculty,"['java', 'assembly-x86', 'lisp', 'prolog', 'csharp', 'python', 'c', 'matlab']"
125,neogeodev/FusionConverter,"['mvs', 'aes', 'neogeo', 'snk', 'converter', 'cpld', 'logic', 'pcb']"
126,krismuniz/js-to-json-logic,"['json', 'json-logic', 'js-to-json', 'js-to-json-logic', 'logic', 'nodejs', 'javascript']"
127,DanielBrito/ufc,"['compiler', 'computer-graphics', 'mobile-development', 'data-structures', 'database', 'logic', 'number-theory', 'linear-algebra', 'software-engineering', 'web-development', 'competitive-programming', 'ui-ux', 'functional-programming', 'operating-system', 'mathematics']"
128,maciej-nowak/DP-Film-Expert-System,"['declarative-programming', 'logic-programming', 'expert-system', 'prolog-rules', 'prolog', 'film-expert', 'university']"
129,byt3n33dl3/httpX,"['domain', 'fuzzing', 'httpx', 'linux', 'logic', 'offensive-security', 'penetration-testing', 'server', 'takeover', 'web']"
130,italankin/15Puzzle,"['java', 'android', 'puzzle', 'game', '15', 'fifteen', 'logic', '15puzzle']"
131,namin/logically,"['clojure', 'prolog', 'abstract-interpretation', 'metaprogramming', 'logic-programming', 'paper-implementations', 'binders']"
132,fnogatz/tap,"['swi-prolog', 'prolog', 'tap']"
133,alhassy/PrologCheatSheet,"['prolog', 'cheatsheet', 'relational-programming', 'pdf', 'html', 'emacs']"
134,JCumin/Brachylog,"['swi-prolog', 'language', 'code-golf', 'declarative', 'logic-programming', 'golfing-language', 'prolog']"
135,jrclogic/SMCDEL,"['model-checking', 'symbolic', 'logic', 'epistemic-logic', 'haskell']"
136,Pufcorina/UBB-Computer-Science,"['java', 'python', 'c', 'css', 'html', 'csharp', 'cpp', 'lisp', 'prolog', 'ubb', 'computer-science']"
137,racuna1/cse240-public,"['cse240', 'arizona-state-university', 'c', 'cpp', 'scheme', 'prolog', 'magic']"
138,karlstroetmann/Logic,"['logic', 'python', 'z3-prover']"
139,courses-at-nju-by-hfwei/problem-solving-class-lectures,"['lecture-notes', 'course-materials', 'linear-programming', 'group-theory', 'number-theory', 'nanjing-university', 'computational-complexity', 'logic', 'set-theory', 'discrete-mathematics', 'discrete-probability', 'algorithms', 'abstract-algebra', 'graph-theory', 'nju-courses']"
140,nicoladileo/NephroDoctor,"['artificial-intelligence', 'expert-system', 'medical-informatics', 'prolog-programming-language', 'prolog-interpreter', 'inference-engine', 'knowledge-base', 'rule-based', 'uncertainty']"
141,sebdumancic/pylo2,"['prolog', 'logic-programming', 'artificial-intelligence']"
142,sneeuwballen/zipperposition,"['prover', 'superposition', 'ocaml', 'experimental', 'logic', 'computer-science-algorithms', 'prototype', 'induction', 'polymorphism', 'rewriting', 'cnf', 'symbolic-computation', 'saturation']"
143,seanpm2001/AI2001,"['ai', 'artificial-intelligence', 'c', 'cython', 'gpl3', 'gplv3', 'home', 'home-repo', 'home-repository', 'homepage', 'julia', 'md', 'prolog', 'python', 'r', 'txt', 'ai-2001', 'ai2001', 'artificial-intelligence-2001']"
144,Aluriak/clyngor,"['answer-set-programming', 'wrapper', 'python', 'python-library', 'python3']"
145,jondot/hypermatch,"['nodejs', 'javascript', 'logic', 'rule-engine', 'matching']"
146,mumuki/mulang,"['mumuki', 'code-analysis', 'ast', 'haskell', 'static-analysis', 'inspection', 'languages', 'educational', 'mulang-ast', 'functional', 'object-oriented', 'logic-paradigm', 'prolog', 'java', 'ruby', 'javascript', 'python', 'nodejs', 'browser']"
147,sreahw/schuller-geometric,"['logic', 'notes', 'truth', 'axioms', 'sets', 'classification', 'topology', 'homotopy', 'manifolds', 'bundles', 'lie', 'curves', 'physics', 'geometry', 'algebras', 'dynkin']"
148,MartimVideira/PFL-Exercises,"['haskell', 'exercises', 'prolog']"
149,norswap/prolog-dry,"['prolog', 'logic-programming', 'dcg', 'backtracking']"
150,blenderskool/lexico,"['data', 'dsl', 'extended', 'fuzzy', 'hacktoberfest', 'logic', 'operators', 'search', 'indexes']"
151,angrysky56/mcp-logic,"['llm', 'logic', 'tool', 'ai', 'claude-3-5-sonnet', 'server', 'mcp-server']"
152,AndreaInfUFSM/elc117-2024b,"['concurrent-programming', 'functional-programming', 'haskell', 'java', 'liascript-course', 'logic-programming', 'object-oriented-programming', 'programming-paradigms', 'prolog']"
153,s-webber/projog,"['prolog', 'java', 'prolog-interpreter']"
154,aartikis/RTEC,"['logic-programming', 'data-stream-processing', 'artificial-intelligence', 'data-science', 'complex-event-processing', 'multi-agent-systems', 'stream-reasoning', 'stream-processing', 'cep', 'event-calculus', 'prolog', 'complex-event-recognition']"
155,CompSciCabal/reading-material,"['computer-science', 'type-theory', 'logic-programming', 'tar-pit', 'stealthy-trojans', 'pf-pl']"
156,freand76/digsim,"['logic', 'python', 'simulation', 'simulator', 'vcd', 'verilog', 'yosys', 'rtl']"
157,rntz/minikanren-datalog,"['datalog', 'minikanren', 'logic-programming', 'kanren']"
158,opencog/atomspace,"['graph-database', 'knowledge-representation', 'query-engine', 'logic-programming', 'knowledge-graph', 'knowledge-base', 'query-language', 'relational-database', 'relational-algebra', 'rewrite-system', 'rewriting', 'graph-rewriting', 'atomspace']"
159,slovnicki/pLam,"['lambda-calculus', 'programming-language', 'computability-theory', 'numeral-systems', 'logic-programming', 'church', 'church-encoding', 'interpreter', 'language', 'lambda', 'computability', 'functional-programming']"
160,MuhammadSulaiman001/prolog-lab,"['learn-prolog', 'logic-programming', 'prolog', 'prolog-exercises', 'swi-prolog', 'logic', 'logical-programming', 'logical-programming-language', 'prolog-programming-language']"
161,chessai/hsdatalog,"['compiler', 'bdd', 'relational-algebra', 'relational-databases', 'datalog', 'logic-programming']"
162,VictorYudin/switch,"['usd', 'appveyor', 'game', 'logic', 'opengl']"
163,lps-js/lps.js,"['javascript', 'production-systems', 'library', 'lps', 'artificial-intelligence', 'logic', 'interpreter', 'language', 'ai', 'languages', 'programming-language', 'prolog']"
164,KovtunV/NoStringEvaluating,"['math', 'mathematics', 'mathematical-expression', 'expressions', 'parser', 'formula', 'evaluator', 'calculator', 'solve', 'calculation', 'logic', 'condition', 'custom', 'function', 'math-parser', 'expression-evaluator', 'formula-parser', 'object-pooling', 'nostring', 'rpn']"
165,triska/letswicrypt,"['swi-prolog', 'prolog', 'https', 'https-server']"
166,knowsys/nemo,"['datalog', 'rule-engine', 'language', 'logic', 'logic-programming', 'rdf', 'knowledge-graph']"
167,sdiehl/picologic,"['picosat', 'sat-solver', 'haskell', 'haskell-library', 'logic']"
168,namin/clpsmt-miniKanren,"['scheme', 'minikanren', 'logic-programming', 'constraints', 'smt']"
169,guregu/predicates,"['go', 'prolog', 'dynamodb']"
170,joshuaguerin/Answer-Set-Programming-Algorithms,"['answer-set-programming', 'clingo', 'algorithms', 'education', 'logic-programming', 'logic', 'np-complete', 'np-hard', 'computer-science', 'language', 'algorithm', 'constraint-satisfaction-problem', 'constraint-programming']"
171,Valian/python-business-logic,"['logic', 'business-logic', 'business-rules', 'python']"
172,kovvalsky/LangPro,"['nli', 'natural-language-inference', 'semantic-tableau', 'theorem-prover', 'theorem-proving', 'natural-logic', 'natural-tableau', 'lambda-logical-form', 'natural-language-processing', 'formal-semantics', 'prolog']"
173,maheshabburi4/IITH-BTECH-Courses,"['cool-compiler', 'prolog', 'eiffel', 'os', 'computer-architecture', 'discrete-mathematics', 'principles-of-programming-languages', 'data-structures-and-algorithms']"
174,joes-esolangs/cassette,"['concatenative', 'functional-programming', 'homoiconic', 'interpreter', 'metaprogramming', 'programming-language', 'programming-languages', 'prolog', 'tape-based', 'untyped']"
175,xieyuheng/exo,"['logic-programming', 'elixir', 'minikanren', 'microkanren', 'the-reasoned-schemer']"
176,logicmoo/CYC_JRTL_with_CommonLisp,"['common-lisp', 'opencyc', 'cyc', 'prolog-programming-language', 'lisp-interpreter', 'artificial-intelligence', 'natural-language-processing', 'logic-programming', 'abcl', 'artificial-general-intelligence', 'cyc-jrtl']"
177,LittleLollipop/LBox,"['android', 'utils', 'logic']"
178,ptarau/TypesAndProofs,"['intuitionistic-logic', 'theorem-prover', 'type-inference', 'curry-howard-isomorphism', 'prolog', 'lambda-terms', 'random-binary-tree', 'random-set-partition', 'tautology-checking', 'de-bruijn-notation', 'beta-reduction', 'all-binary-trees-generator', 'all-set-partitions-gnerator', 'remy-s-algorithm', 'knuth-s-algorithm-r', 'boltzmann-sampler', 'normal-forms']"
179,friguzzi/cplint,"['probabilistic-programming', 'logic-programming', 'probabilistic-logic-programming', 'machine-learning', 'inductive-logic-programming', 'prolog']"
180,graphs4value/refinery,"['graphs', 'modeling', 'logic']"
181,maebert/prolog_puzzles,"['prolog', 'exercise', 'prolog-puzzles', 'puzzle', 'cognitive-science']"
182,garciparedes/prolog-examples,"['prolog', 'examples', 'university', 'logic-programming', 'university-of-valladolid']"
183,Tractables/LogicCircuits.jl,"['logic', 'logic-circuits', 'logical-reasoning', 'automated-reasoning', 'julia']"
184,SWI-Prolog/swipl-devel,"['swi-prolog', 'prolog', 'logic-programming']"
185,typedb/typeql,"['reasoning', 'query-language', 'query', 'inference', 'logic', 'database', 'typedb', 'typeql', 'type-system', 'strongly-typed', 'polymorphic', 'polymorphism']"
186,neogeodev/NeoChips,"['neogeo', 'clone', 'chips', 'asic', 'snk', 'preservation', 'repair', 'fix', 'gerber', 'electronics', 'pcb', 'layout', 'verilog', 'logic', 'cpld', 'fpga', 'neo-geo', 'arcade']"
187,ostis-ai/scl-machine,"['logic', 'logic-programming', 'ostis', 'logic-inference']"
188,jariazavalverde/fasill,"['logic-language', 'logic-programming', 'fuzzy-logic', 'fuzzy-connectives', 'prolog', 'language-design']"
189,bharathgs/NALU,"['pytorch', 'nalu', 'alu', 'deep-learning', 'neural-network', 'deepmind', 'arithmetic', 'logic', 'accumulator', 'machine-learning']"
190,wouterbeek/prolog_library_collection,"['prolog', 'swi-prolog']"
191,logisim-evolution/logisim-evolution,"['logisim-evolution', 'education', 'circuit', 'circuits', 'digital-circuit', 'digital-circuits', 'simulator', 'logic', 'digital-logic', 'digital-logic-design', 'fpga', 'timing-diagram', 'logisim', 'vhdl', 'verilog']"
192,mthom/scryer-prolog,"['rust', 'prolog', 'prolog-interpreter', 'prolog-implementation', 'iso-prolog-standard', 'prolog-programming-language']"
193,tomcl/issie,"['digital', 'logic', 'editor', 'simulator', 'fsharp', 'fable', 'electron', 'educational', 'fpga', 'verilog']"
194,bnidia/libft,"['algorithms', 'c', 'logic', 'rigor', 'unix']"
195,microsoft/Guan,"['guan', 'logic-programming', 'csharp', 'netstandard20', 'windows', 'linux', 'library', 'prolog']"
196,tuProlog/2p-kt,"['prolog', 'logic-programming', 'kotlin', 'kotlin-multiplatform', 'kotlin-multi-platform', 'tuprolog', '2p', 'java', 'jvm', 'javascript', 'js', 'symbolic', 'simbolic-ai']"
197,JanWielemaker/swi-prolog-wasm,"['prolog', 'webassembly']"
198,rj45/digilogic,"['circuit', 'digital', 'logic', 'logic-gates', 'simulation', 'eda', 'schematic-capture']"
199,921kiyo/symbolic-rl,"['reinforcement-learning', 'answer-set-programming', 'ilp', 'inductive-logic-programming', 'symbolic-reinforcement-learning', 'artificial-intelligence']"
200,prove-rs/z3.rs,"['logic-programming', 'smt', 'smt-solver', 'rust-bindings', 'rust', 'ffi-bindings']"
201,qnighy/ipc_solver,"['ocaml', 'logic', 'solver', 'twitter']"
202,Blog-Core/blog-core,"['blog-engine', 'swi-prolog', 'prolog', 'cms', 'blog-core']"
203,linkml/linkml-datalog,"['linkml', 'logic-programming', 'validation', 'souffle-datalog-language', 'datalog', 'reasoning', 'rdf', 'semantic-web', 'rules', 'rule-language', 'semantics', 'constraints']"
204,kyouko-taiga/LogicKit,"['logic-programming', 'domain-specific-language']"
205,cmungall/sparqlprog,"['semantic-web', 'sparql', 'datalog', 'rdf', 'swi-prolog', 'prolog', 'bioinformatics', 'ontology']"
206,trealla-prolog/go,"['go', 'prolog', 'trealla-prolog', 'logic-programming', 'wasm']"
207,google/neural-logic-machines,"['neuro-symbolic-learning', 'logic-programming', 'reinforcement-learning']"
208,switz/driver,"['logic', 'state-machine', 'ui', 'javascript', 'state', 'typescript']"
209,fenwii/LibraryBookSearchEnginePro,"['academic', 'library', 'bookengine', 'science', 'search-engine', 'research', 'university', 'learning', 'students', 'books', 'book', 'papers', 'logic', 'recommendation-system']"
210,engboris/stellogen,"['logic', 'logic-programming', 'transcendental-syntax', 'formal-methods', 'proof-assistant', 'verification', 'type-theory']"
211,cicada-lang/chimera,"['json', 'logic', 'logic-programming', 'programming-language']"
212,uellenberg/Logimat,"['math', 'logic', 'language']"
213,uwdata/draco,"['visualization-constraints', 'answer-set-programming', 'visualization-recommendation', 'vega']"
214,ichiban/prolog,"['interpreter', 'prolog', 'golang', 'go', 'logic-programming']"
215,itsanshulverma/du-cs-undergrad-course,"['undergraduate-course', 'computer-science', 'cpp', 'java', 'du', 'html-css-javascript', 'lex', 'yacc', 'python', 'android', 'assembly', 'r', 'prolog']"
216,robsimmons/dusa,"['answer-set-programming', 'datalog', 'forward-chaining', 'logic-programming']"
217,amr205/Introduccion-a-la-IA---Libro,"['programacion-logica', 'algoritmos-geneticos', 'machine-learning', 'supervised-learning', 'unsupervised-learning', 'aprendizaje-automatico', 'aprendizaje-supervisado', 'aprendizaje-no-supervisado', 'genetic-algorithm', 'genetic-programming', 'logic-programming', 'book', 'artifficial-intelligence', 'artificial-intelligence', 'inteligencia-artificial']"
218,Rafisto/uni,"['algebra', 'calculus', 'computer', 'lecture', 'logic', 'notes', 'science', 'algorythmic', 'university', 'informatyka-algorytmiczna', 'algorytmiczna', 'ina', 'informatyka', 'pwr']"
219,guregu/php,"['cgi', 'prolog', 'www']"
220,i-am-tom/holmes,"['propagation', 'constraint-solver', 'backtracking', 'logic-programming']"
221,mingodad/picat,"['symbolic-computation', 'dynamic-programming', 'prolog', 'pattern-matching', 'solvers', 'constraint-programming', 'declarative-programming', 'functional-programming', 'cross-platform']"
222,alpha-asp/Alpha,"['answer-set-programming', 'solver', 'lazy-grounding', 'logic-programming']"
223,monasticacademy/logical-induction,"['probability', 'inference', 'logic']"
224,MarcelRobeer/VisualNarrator,"['requirements-engineering', 'user-story', 'conceptual-models', 'prolog', 'requirements-quality-analysis']"
225,lambduli/minilog,"['language', 'logic-programming', 'programming-language', 'prolog', 'prolog-implementation', 'repl', 'unification']"
226,carlosantq/LPL,"['lpl', 'proof', 'logic', 'fitch-proofs', 'fitch']"
227,uuverifiers/eldarica,"['horn-clauses', 'smt-solver', 'model-checker', 'verification', 'smt2', 'prolog']"
228,wouterbeek/prolog_graphviz,"['prolog', 'swi-prolog', 'graph', 'graphviz', 'graphviz-dot', 'graphviz-dot-language', 'visualization']"
229,softlang/yas,"['slr', 'yas', 'language', 'prolog']"
230,PlugFox/bloc,"['bloc', 'dart', 'flutter', 'state-management', 'state-machine', 'pub', 'sub', 'publisher-subscriber-pattern', 'pub-sub', 'publisher', 'subscriber', 'business', 'logic', 'component', 'library', 'package', 'dartlang', 'dart-library', 'flutter-package']"
231,logicmoo/programk,"['aiml', 'aiml-interpreter', 'aiml2', 'chatbot', 'prolog']"
232,hakank/hakank,"['constraint-programming', 'constraint-satisfaction', 'minizinc', 'picat', 'z3py', 'gecode', 'essence', 'jacop', 'ampl', 'comet', 'jgap', 'frink', 'prolog', 'answer-set-programming', 'choco', 'eclipse-clp', 'numberjack', 'poplog', 'sicstus-prolog', 'setl']"
233,DeMaCS-UNICAL/Angry-HEX,"['artificial-intelligence', 'logic-programming', 'planning', 'angry-birds']"
234,sys27/xFunc,"['lexer', 'parse', 'c-sharp', 'math', 'mathematics', 'logic', 'analyzer', 'derivative', 'differentiation', 'complex-numbers', 'parser', 'simplification', 'expression', 'dotnet', 'units', 'units-of-measure', 'math-parser', 'evaluate-expressions']"
235,OSCC-Project/iMap,"['eda', 'logic']"
236,SuperDisk/tar.pl,"['logic-programming', 'prolog', 'tar', 'unix']"
237,tgecho/canrun_rs,"['rust', 'logic', 'kanren', 'dsl']"
238,philzook58/snakelog,"['datalog', 'logic']"
239,gooofy/zamia-ai,"['python', 'tensorflow', 'artificial-intelligence', 'natural-language-processing', 'prolog', 'knowledgebase', 'semantic-web']"
240,GustikS/NeuraLogic,"['relational-learning', 'deep-learning', 'logic-programming', 'machine-learning', 'differentiable-programming']"
241,jimmyg1997/NTUA-ai-artificial-intelligence,"['artificial-intelligence', 'ntua-ece', 'a-star', 'prolog', 'java', 'google-maps', 'taxi-app']"
242,SAKET-SK/Programming-Aptitude-Interview-Prep,"['aptitude', 'programming-languages', 'logic-programming', 'aptitude-solver', 'aptitudetraining', 'aptitude-tests', 'exercises', 'technical-test', 'interview-technical']"
243,aarroyoc/scryer-playground,"['prolog', 'webassembly']"
244,SimonBuxx/LogiJS,"['logic-gates', 'logic-circuit', 'logic', 'simulator', 'boolean', 'electronics', 'cpu', 'flip-flop', 'gates', 'logic-circuits']"
245,complexdb/zincbase,"['knowledge-base', 'knowledge-graph', 'graph-embedding', 'prolog']"
246,FLHonker/Awesome-Neural-Logic,"['neural-network', 'logic-programming', 'inductive-logic-programming', 'logic', 'markov', 'first-order-logic', 'causal', 'causal-inference', 'causality']"
247,alexovidiupopa/UBB,"['cpp', 'oop', 'java', 'python', 'clisp', 'prolog', 'assembly-8086', 'graphs-theory', 'data-structures-and-algorithms', 't-sql', 'shell', 'cisco-packet-tracer', 'c']"
248,gingerbeardman/mandala,"['logic', 'mandala', 'mandala-art', 'pixels']"
249,alejandroaperez1994g/js-shopping-wizard,"['css', 'forms-validation', 'html', 'javascript', 'logic-programming']"
250,Jfaler/Philosophy,"['books', 'philosophy', 'logic', 'metaphysics', 'aesthetics', 'epistemology', 'politics', 'ethics', 'symbols', 'wisdom', 'mathematics', 'list', 'philosopher', 'nothing', 'thinking', 'truth', 'good', 'evil', 'morals', 'dialectic']"
251,travisjungroth/trinary,"['logic', 'python', 'trinary']"
252,AppliedLogicSystems/ALSProlog,"['prolog', 'compiler', 'language', 'programming-language', 'logic-programming', 'iso-prolog-standard', 'prolog-implementation', 'prolog-programming-language']"
253,Merlin04/truthtabl.es,"['logic', 'truth-table', 'truth-table-generator', 'truth-tables', 'nextjs', 'ohm', 'proof-assistant', 'proof', 'symbolic-logic']"
254,abdulzakrt/WumpusWorld-CSharp,"['wumpusworld', 'csharp', 'prolog', 'gui', 'swi-prolog', 'wpf-application', 'wpf', 'game', 'agent', 'knowledgebase', 'wumpus', 'world', 'knowledgebase-agents', 'swipl']"
255,awto/mfjs-logic,"['logic', 'monad', 'logic-programming', 'javascript', 'mfjs', 'constraint-programming']"
256,rla/prolog-markdown,"['swi-prolog', 'markdown', 'markdown-parser']"
257,triska/lisprolog,"['prolog', 'lisp', 'interpreter']"
258,HarvardPL/AbcDatalog,"['datalog', 'logic-programming', 'declarative-programming', 'knowledge-base', 'rule-engine']"
259,fnogatz/plammar,"['swi-prolog', 'prolog', 'definite-clause-grammar', 'parser', 'serializer']"
260,wmannis/cl-gambol,"['common-lisp', 'prolog']"
261,UberPyro/prowl,"['based-stack-based-language', 'forth-like', 'functional-programming', 'logic-programming', 'ocaml', 'proglangs-discord', 'programming-language', 'regex', 'stack-based-language']"
262,rm-hull/wam,"['clojure', 'unification', 'wam', 'parser-combinators', 'tutorial', 'prolog-implementation']"
263,Kushal997-das/Pattern_Printing,"['python', 'patterns', 'logic-programming', 'python3', 'cpp']"
264,haldai/LogicalVision2,"['swi-prolog', 'opencv', 'computer-vision']"
265,briza-insurance/illogical,"['logic', 'comparison', 'operand', 'parser', 'conditional']"
266,bitkeks/theolog-ss2017,"['university', 'german', 'logic', 'theoretical-computer-science', 'lecture-notes']"
267,LAMDASZ-ML/Awesome-Neuro-Symbolic-Learning-with-LLM,"['artificial-intelligence', 'large-language-models', 'machine-learning', 'neuro-symbolic', 'awesome', 'embodied-ai', 'first-order-logic', 'gpt-4o', 'knowledge-graph', 'llm-agent', 'logic-programming', 'neuro-network', 'papers', 'planning', 'reasoning', 'visual-reasoning', 'reinforcement-learning']"
268,metaclass-nl/filter-bundle,"['filter', 'logic', 'api-platform', 'wherefilter', 'doctrine', 'doctrine-orm']"
269,lab-v2/pyreason-gym,"['gym', 'gym-environment', 'logic', 'logic-programming', 'machine-learning', 'reinforcement-learning', 'simulation']"
270,sarthak268/Embedded_Logic_and_Design,"['verilog', 'verilog-hdl', 'verilog-programs', 'verilog-project', 'embedded-systems', 'embedded-logic', 'logic-circuit', 'logic-programming', 'embedded-c', 'c', 'vhdl', 'vhdl-code', 'zedboard', 'xilinx', 'xilinx-vivado', 'xilinx-fpga', 'xilinx-sdk', 'arm', 'vivado', 'pmod']"
271,MainakRepositor/Super-Ciphers,"['cipher-algorithms', 'cpp', 'java', 'python3', 'cryptography', 'blockchain', 'logic', 'arithmetic']"
272,FormalizedFormalLogic/Arithmetization,"['lean4', 'logic']"
273,jdryg/dls-schematics,"['schematic', 'digital', 'logic', 'dls', 'cpu', 'simulation']"
274,Innocentsax/DSA_IN_JAVA,"['algorithms-and-data-structures', 'arrays', 'bitwise-operators', 'dsa-algorithm', 'dynamic-programming', 'java', 'logic-programming', 'regression', 'searching-algorithms', 'system-design']"
275,Shen-Language/shen-sources,"['programming-language', 'shen', 'lisp', 'prolog', 'functional-programming', 'logic-programming', 'static-typing']"
276,0xGeorgii/SharpLogic,"['fsharp', 'mathematics', 'logic', 'dotnet', 'formula', 'propositional-logic', 'automate-inference', 'automate-reasoning', 'automate-teorem-proofs', 'intuitionistic-logic']"
277,magmide/magmide,"['formal-verification', 'formal-methods', 'type-safety', 'systems-programming', 'dependent-types', 'verification', 'logic', 'coq']"
278,nicoabie/quickcheck,"['swi-prolog', 'prolog', 'quickcheck', 'property-based-testing']"
279,terohuttunen/proto-vulcan,"['rust', 'logic-programming']"
280,spamegg1/Math-for-CS-solutions,"['calculus', 'counting', 'functions', 'graph', 'graph-theory', 'induction', 'math', 'probability', 'proofs', 'set-theory', 'solution', 'sets', 'computer-science', 'logic', 'number-theory', 'random-walks', 'rsa-cryptography']"
281,fnogatz/xsd2json,"['swi-prolog', 'prolog', 'xml-schema', 'json-schema']"
282,arasgungore/NandGame,"['arithmetic-logic-unit', 'computer', 'control-unit', 'digital-design', 'logic-gates', 'logic-programming', 'logic-unit', 'memory', 'nandgame', 'processor', 'switching', 'hardware', 'binary-logic', 'fundamentals-of-computing', 'solutions', 'arithmetic-circuits', 'nand-game', 'random-access-memory', 'logic-circuit', 'thenandgame-solutions']"
283,fogfish/datalog,"['datalog', 'logic-programming', 'knowledge', 'erlang', 'semantic-web']"
284,triska/ediprolog,"['emacs', 'emacs-lisp', 'prolog-process', 'prolog']"
285,matchilling/brexit,"['brexit', 'adventure-game', 'prolog']"
286,SHI-Yu-Zhe/awesome-agi-cocosci,"['awesome', 'artificial-general-intelligence', 'computational-cognitive-science', 'abduction', 'bayesian', 'pragmatics', 'theory-of-mind', 'language-of-thought', 'logic-programming', 'developmental-psychology', 'planning', 'intuitive-physics', 'explainable-ai', 'hybrid-system', 'analogy', 'commonsense', 'scientific-discovery', 'general-pattern-theory', 'awesome-list', 'mind-simulation']"
287,luc-tielen/eclair-lang,"['compiler', 'datalog', 'haskell', 'logic-programming', 'llvm']"
288,flix/flix,"['flix', 'language', 'hacktoberfest', 'functional', 'imperative', 'logic', 'jvm', 'programming-language']"
289,ozekik/mathesis,"['logic', 'philosophy', 'proof', 'semantics', 'prover', 'mathematical-logic', 'philosophical-logic', 'formal-logic', 'first-order-logic', 'propositional-logic']"
290,leoprover/Leo-III,"['higher-order-logic', 'theorem-proving', 'logic', 'reasoning', 'atp', 'deduction-system']"
291,pythological/kanren,"['relational-programming', 'minikanren', 'logic-programming', 'symbolic-computation', 'constraint-logic-programming', 'clp']"
292,evertheylen/logicpy,"['prolog-implementation', 'python3', 'logic-programming']"
293,logictensornetworks/logictensornetworks,"['machinelearning', 'tensorflow', 'logic-programming', 'fuzzy-logic']"
294,malikpiara/logicola,"['education', 'elearning', 'formal-logic', 'learning', 'logic', 'quizapp', 'logicola']"
295,LogicalAtomist/principia,"['logic', 'history-of-philosophy', 'coq', 'coq-ecosystem', 'formal-logic', 'formal-mathematics', 'formal-proofs', 'latex', 'latex-packages']"
296,kuba--/ut,"['unification', 'unification-algorithm', 'prolog', 'logic-programming']"
297,LambdaAlpha/airlang_rs,"['programming-language', 'programming-languages', 'artificial-intelligence', 'formal-specification', 'logic-programming', 'logical-programming', 'proof-of-concept', 'specification-language', 'solver']"
298,tau-prolog/draw-derivation-trees,"['prolog', 'prolog-programming-language', 'prolog-application', 'derivation-tree', 'canvas', 'tau-prolog']"
299,ekzhang/ukanren-rs,"['microkanren', 'minikanren', 'rust', 'logic-programming', 'functional-programming', 'language', 'prolog']"
300,HouariZegai/PrologExercise,"['prolog', 'prolog-programming-language', 'exercise-solutions', 'exercise']"
301,InKnowWorks/IKW-GraphEngine,"['ontology', 'semantic-reasoning', 'knowledge-base', 'knowledge-graph', 'logic', 'logic-solver']"
302,iOperator/CRSF-HLA,"['analyzer', 'crossfire', 'expresslrs', 'logic', 'rc', 'tbs', 'tracer']"
303,philzook58/egglog0,"['rust', 'prolog', 'theorem-prover']"
304,iliasam/uProbe,"['stm32', 'lcd', 'logic', 'probe', 'oscilloscope']"
305,Ducasse/SOUL,"['pharo', 'logic-programming', 'unification', 'prolog']"
306,alexanyernas/Ejercicios-Practicos,"['logic-programming', 'logic', 'practice', 'exercises']"
307,Preetiraj3697/30dayofJavascript,"['css3', 'html', 'javascript', 'api', 'logic', 'calculator', 'calendar', 'dark-theme', 'favicon-generator', 'filtering', 'mathgame', 'recipe-app', 'tic-tac-toe', 'clock', 'country-guide-app']"
308,i5ting/imove,"['flowchart', 'xstate', 'x6', 'javascript', 'logic', 'lowcode']"
309,thuwzy/Neural-Symbolic-and-Probabilistic-Logic-Papers,"['deep-logic', 'neurosymbolic', 'neural-symbolic', 'neural-logic', 'probabilistic-logic', 'probability', 'neural-module-networks', 'logic-programming']"
310,AIT-Protocol/einstein-ait-prod,"['aai', 'bittensor', 'blockchain', 'decentralization', 'llm', 'logic', 'machine-learning', 'mathematics']"
311,noprompt/meander,"['term-rewriting', 'logic-programming', 'unification', 'pattern-matching', 'substitution', 'program-transformation']"
312,konclude/Konclude,"['reasoning', 'owl', 'logic', 'owl-reasoner', 'semantic-web', 'ontology', 'sparql']"
313,RadostinaIvanova/Expert-system-in-Prolog,"['prolog', 'prolog-programming-language', 'expert-system', 'goal-driven', 'backward-chaining', 'rule-based', 'expert-system-diagnosis', 'backward-chaining-prolog', 'expert-systems', 'artificial-intelligence']"
314,triska/clpz,"['clp', 'constraints', 'integer-arithmetic', 'prolog', 'sicstus-prolog', 'constraint-programming']"
315,aditeyabaral/DDCO-Lab-UE18CS207,"['verilog', 'icarus-verilog', 'digital-design', 'computer-organization', 'verilog-code', 'logic-programming']"
316,ztangent/Julog.jl,"['julia', 'prolog', 'first-order-logic', 'logic', 'logic-programming', 'fol']"
317,jaalonso/Lecturas_GLC,"['haskell', 'functional-programming', 'itp', 'isabelle-hol', 'coq', 'leanprover', 'prolog', 'logic', 'logic-programming']"
318,triska/simsttab,"['timetable', 'timetabling-engine', 'school', 'prolog', 'clp', 'constraint-programming']"
319,xmonader/prolog-rands,"['prolog', 'puzzles', 'riddles', 'constraint-satisfaction-problem']"
320,neuroimaginador/fcaR,"['implications', 'formal-concept-analysis', 'concept-extraction', 'logic', 'recommendation-engine', 'formal-contexts', 'concept-lattice', 'fuzzy-sets', 'arules']"
321,santifa/pasp-mode,"['emacs', 'answer-set-programming', 'major-mode']"
322,AAAI-DISIM-UnivAQ/DALI,"['prolog', 'multi-agent-systems', 'event-driven', 'logic-programming']"
323,EvgSkv/logica,"['datalog', 'sql', 'bigquery', 'language', 'prolog-implementation', 'prolog', 'logica', 'postgresql', 'sqlite', 'trino', 'presto', 'logic-programming']"
324,HackerFoo/poprc,"['language', 'popr', 'popr-compiler', 'compiler', 'concatenative', 'functional', 'logic-programming', 'non-deterministic', 'partial-evaluators', 'dependent-types', 'supercompiler', 'linear-logic', 'verilog', 'high-level-synthesis']"
325,danyvarghese/PyGol,"['inductive-logic-programming', 'machine-learning', 'inverse-entailment', 'abductive-commonsense-reasoning', 'abductive-learning', 'artificial-intelligence', 'automated-data-science', 'automated-machine-learning', 'automl', 'explainable-ai', 'explainable-ml', 'inference-engine', 'logic-programming', 'pygol']"
326,latte-central/LaTTe,"['clojure', 'proof-assistant', 'logic', 'mathematics']"
327,AILab-FOI/pyxf,"['python', 'prolog', 'xsb', 'swipl', 'eclipse', 'flora-2', 'ergo-lite', 'interface']"
328,wotbrew/relic,"['clojure', 'relational-algebra', 'relations', 'logic', 'dataflow', 'sql', 'incremental-view-maintenance']"
329,davidallysson/logica-de-programacao,"['programming', 'logic-programming', 'programming-language', 'exercises', 'uri', 'competitive-programming', 'uva', 'spoj']"
330,logicmoo/prologmud,"['logicmoo', 'mud-servers', 'text-adventure-game', 'prolog', 'artificial-general-intelligence', 'agi']"
331,ekaf/wordnet-prolog,"['princeton-wordnet', 'prolog', 'wordnet', 'relational-databases']"
332,IBM/LNN,"['neuro-symbolic-ai', 'machine-learning', 'reasoning', 'logic']"
333,almossawi/badarguments,"['illustrated-book', 'critical-thinking', 'logical-fallacies', 'logic', 'arguments', 'debate', 'free-books']"
334,namin/metamk,"['scheme', 'minikanren', 'metaprogramming', 'meta', 'logic-programming', 'reflection']"
335,arkark/d-prolog,"['prolog', 'dlang', 'repl', 'parser']"
336,usmonovshohruxmirzo/leetcode-usmonovshohruxmirzo,"['javascript', 'leetcode', 'logic', 'problem-solving', 'problems', 'algorithms', 'data-structures', 'questions', 'solutions']"
337,CursedPrograms/ConfederateAI,"['ai', 'combat', 'navmesh', 'unity', 'unity3d', 'logic', 'logic-based-artificial-intelligence', 'artificial-intelligence']"
338,viebel/klipse,"['clojure', 'clojurescript', 'interactive-snippets', 'javascript', 'code-evaluation', 'ruby', 'scheme', 'prolog', 'react', 'reactjs', 'klipse-plugin', 'codemirror-editor', 'evaluation', 'python', 'brainfuck', 'lua', 'ocaml', 'reasonml', 'common-lisp']"
339,eshelyaron/debug_adapter,"['debugger', 'emacs', 'prolog', 'logic-programming', 'swipl', 'swi-prolog']"
340,RustemB/profetch,"['prolog', 'fetch', 'neofetch']"
341,Ana06/AI,"['prolog', 'jess', 'artificial-intelligence', 'protege', 'natural-language-processing', 'recommender-system', 'ontology', 'ucm']"
342,logicmoo/wam_common_lisp,"['common-lisp', 'prolog-programming-language', 'object-oriented-programming', 'oop', 'swi-prolog-library', 'swi-prolog', 'yap-prolog', 'greenspun', 'lisp', 'prolog', 'lisp-compiler', 'lisp-interpreter', 'prolog-programmers', 'swi']"
343,Logoi-Linguistics/Logoi-Linguistics,"['agi', 'lisp', 'prolog']"
344,Kushal997-das/C-PROGRAM,"['cprogramming-language', 'programming', 'logic']"
345,Bodigrim/logict,"['logic-programming', 'monad-transformers', 'backtracking', 'logict']"
346,EricZinda/InductorHtn,"['ai', 'htn', 'cpp', 'python', 'python3', 'python-3', 'python-library', 'hierarchical-task-network', 'c-plus-plus', 'cplusplus', 'cpp-library', 'prolog-implementation']"
347,hneemann/Digital,"['circuit', 'digital-circuits', 'logisim', 'simulator', 'logic-gates', 'education', 'logic']"
348,wyvernSemi/vproc,"['processor', 'verilog', 'verification', 'pli', 'simulation-element', 'c', 'vhdl', 'asic-verification', 'codesign', 'cosimulation', 'cpp', 'dpi', 'dpi-c', 'fpga', 'logic', 'logic-simulation', 'python', 'systemverilog', 'vhpidirect', 'vpi']"
349,Mazin-O3/Veecom,"['risc-v', 'computer', 'cpu', 'logic', 'logisim', 'computer-architecture', 'computer-engineering', 'logisim-computer']"
350,altaywtf/react-json-logic,"['react', 'component', 'ui', 'json', 'builder', 'logic']"
351,TSG405/C-for-Everyone-Programming-Fundamentals,"['c-programming-language', 'logic-programming', 'data-structures', 'fundamentals-of-programming', 'solutions', 'university-of-california-santa-cruz', 'basic-programming', 'coursera']"
352,01mf02/kontroli-rs,"['logic', 'rust', 'dependent-types', 'typechecker', 'dedukti']"
353,hintikkasworld/hintikkasworld,"['logic', 'logic-game', 'modal-logic', 'epistemic-logic', 'dynamic-logics', 'artificial-intelligence', 'ijcai-18', 'agents']"
354,triska/clpb,"['clp', 'prolog', 'constraints', 'bdd', 'constraint-programming', 'independent-sets', 'matchsticks-puzzle', 'satisfiability', 'sat']"
355,drendog/Logic-Circuit-Simulator,"['simulator', 'logic-gate', 'logic-circuit', 'logic-circuit-simulator', 'logic-gate-simulator', 'p5js', 'js', 'logic-gates', 'logic']"
356,nzbr/vlogsolv,"['v', 'vlang', 'logic']"
357,Attempto/APE,"['swi-prolog', 'ace', 'attempto', 'cnl', 'nlp']"
358,nunchaku-inria/nunchaku,"['model-finding', 'sat', 'cvc4', 'higher-order', 'logic', 'proof-assistant', 'isabelle', 'hol']"
359,AmziLS/AmziProlog,"['prolog', 'ide', 'eclipse-plugin', 'virtual-machine', 'logic-programming']"
360,friguzzi/bddem,"['binary-decision-diagrams', 'prolog', 'c', 'cudd', 'probabilistic-logic-programming', 'inductive-logic-programming']"
361,ekzhang/crepe,"['datalog', 'rust', 'souffle', 'static-analysis', 'logic-programming', 'translator']"
362,aljen/spaghetti,"['logic', 'editor', 'simulation', 'cpp17', 'cpp14', 'cpp', 'cpp-library', 'logic-gates', 'logic-circuit-simulator', 'qt5', 'modern-cpp']"
363,Spydr06/logicrs,"['boolean-algebra', 'boolean-logic', 'circuit', 'gates', 'gtk', 'gtk4', 'hacktoberfest', 'hacktoberfest2023', 'libadwaita', 'libadwaita-rs', 'logic', 'logic-gates', 'rust', 'simulation', 'simulator', 'logicrs']"
364,Es1chUbJyan9/32bit_Quine-McCluskey_and_Petrick_Method_in_C,"['quine-mccluskey', 'quine-mccluskey-algorithm', 'petrick-method', 'c', 'digital-logic', 'logic-programming', 'simplification']"
365,SheafificationOfG/BoolosBrewery,"['logic', 'puzzle-game']"
366,c-cube/smbc,"['sat', 'solver', 'logic', 'computational', 'ocaml', 'model', 'formal-methods']"
367,roboticslab-cseiitg/ProjectTartarus,"['prolog', 'swi-prolog', 'mobile-agents', 'autonomous-agents', 'multi-agent-systems', 'raspberry-pi', 'emulation', 'agent', 'internet-of-things', 'cyber-physical-systems', 'tartarus', 'agent-oriented-programming']"
368,rubycocos/cocos,"['ruby', 'gems', 'cocos', 'commons', 'prelude', 'prolog']"
369,billhails/PyScheme,"['language', 'python', 'functional-programming', 'logic-programming', 'pycharm']"
370,hargettp/prolog_lsp,"['language-server-protocol', 'prolog']"
371,NucleoidAI/Nucleoid,"['node', 'javascript', 'neuro-symbolic-ai', 'neuro-symbolic', 'reasoning', 'semantic-reasoning', 'symbolic', 'reasoning-engine', 'semantic-reasoner', 'logic', 'logic-programming', 'expert-system', 'knowledge-base', 'knowledge', 'rag', 'knowledge-graph', 'graph-rag', 'neuro-symbolic-learning']"
372,mdiep/Kanren.swift,"['kanren', 'swift', 'logic-programming']"
373,roberthoenig/FirstOrderLogic.jl,"['julia', 'first-order-logic', 'logic', 'satisfiability-solver']"
374,cardillan/mindcode,"['compiler', 'mindustry', 'mlog', 'logic', 'schematics']"
375,johnphantom/Dynamic-Stateless-Computer,"['logic', 'computing', 'quantum-computing', 'quantum-mechanics', 'turing-machine', 'dynamic', 'connections', 'geometry', 'counter-strike', 'counter-strike-global-offensive', 'counter-strike-source', 'quake', 'quake-engine', 'half-life', 'functional-programming', 'dynamic-logics', 'connectionism', 'stateless', 'entanglement']"
376,c-cube/datalog,"['datalog', 'prolog', 'ocaml', 'logic-programming', 'memoization']"
377,simply-logical/simply-logical,"['jupyter-book', 'prolog', 'swish', 'simply-logical']"
378,linkml/owlstar,"['rdf', 'semweb', 'owl', 'rdfstar', 'fol', 'knowledge-graph', 'probabilistic-models', 'logic', 'semantics']"
379,hemansnation/Python-For-Data-Professionals,"['data-analytics', 'data-professionals', 'data-science', 'exploratory-data-analysis', 'logic-programming', 'machine-learning', 'pandas', 'python']"
380,newca12/awesome-rust-formalized-reasoning,"['formal-verification', 'prover', 'automated-theorem-provers', 'theorem-prover', 'reasoning', 'logic', 'constructive-mathematics', 'dependent-types', 'theorem-proving', 'proof-assistants', 'rust']"
381,logigator/logigator,"['angular', 'logic', 'logic-circuit', 'logic-gates', 'simulation']"
382,SWI-Prolog/swipl-wasm,"['prolog', 'webassembly', 'swi-prolog']"
383,daviromero/nadia,"['natural-deduction', 'educational-software', 'logic', 'proof-assistant']"
384,stdgregwar/elve,"['visualisation', 'circuit', 'logic', 'logic-design', 'logic-circuit', 'graph', 'nodes', 'plugin', 'extensible', 'extendable', 'qmake']"
385,ikokkari/AI,"['ilkka-kokkarinen', 'prolog', 'artificial-intelligence', 'aima-book', 'python']"
386,RyanMarcus/vulcan,"['javascript', 'proof', 'proof-assistant', 'logic']"
387,dafengzhen/bootstrap-react-logic,"['bootstrap', 'logic', 'react', 'typescript']"
388,ciao-lang/ciao,"['prolog', 'compiler', 'programming-language', 'logic', 'interpreter', 'bytecode', 'virtual-machine', 'clp', 'constraints', 'prolog-implementation', 'prolog-interpreter', 'prolog-compiler', 'iso-prolog-standard', 'ciao-prolog', 'prolog-programming-language', 'logic-programming']"
389,ptarau/pypro,"['nested-tuples', 'tuple-mining', 'unification', 'python3', 'prolog', 'interpreter']"
390,VanHakobyan/SWI-Prolog,"['prolog', 'prolog-programming-language', 'swi-prolog', 'logical-programming']"
391,kamel-usp/dpasp,"['answer-set-programming', 'logic-programming', 'probabilistic-logic-programming', 'probabilistic-programming', 'credal-sets', 'neurosymbolic-ai']"
392,LogtalkDotOrg/logtalk3,"['logtalk', 'logic-programming', 'prolog', 'oop', 'declarative-language', 'declarative-programming']"
393,jdormit/sicp-logic,"['clojure', 'logic-programming', 'datalog', 'sicp']"
394,pythological/unification,"['unification', 'multiple-dispatch', 'python', 'logic-programming']"
395,yuce/pyswip,"['python', 'prolog', 'swi-prolog', 'artificial-intelligence', 'expert-systems', 'natural-language-processing', 'robotics', 'logic-programming']"
396,rzese/trill,"['probabilistic-knowledge-bases', 'tableau-reasoner', 'prolog', 'description-logics', 'axiom-pinpointing', 'probabilistic-description-logics', 'trill']"
397,Kaljurand/owl-verbalizer,"['owl', 'swi-prolog', 'ace', 'web-ontology-language']"
398,Herb-AI/HerbSWIPL.jl,"['logic-programming', 'prolog', 'artificial-intelligence', 'automated-reasoning', 'julia', 'logic']"
399,AthenaFoundation/athena,"['formal-verification', 'logic', 'proof-assistant', 'theorem-proving', 'natural-deduction', 'functional-programming', 'proof-language']"
400,ysyesilyurt/Metu-CENG,"['coursework', 'metu-ceng', 'metu', 'formal-languages', 'embedded-systems', 'networking', 'computer-organization', 'operating-systems', 'logic-design', 'c', 'cpp', 'python', 'java', 'haskell', 'prolog', 'signal-processing', 'computer-graphics', 'opengl', 'computer-security', 'programming-languages']"
401,xieyuheng/logic-db,"['prolog', 'typescript', 'logic-programming']"
402,mrieppel/fitchjs,"['logic', 'latex', 'proof', 'fitch-proofs', 'javascript', 'proof-assistant']"
403,eBay/oja,"['nodejs', 'dependency-injection', 'structure', 'logic', 'javascript', 'middleware', 'discovery-service']"
404,Sintrastes/Montague,"['nlp', 'logic-programming', 'parsing', 'kripke-model']"
405,alehander92/hatlog,"['type-system', 'prolog', 'python', 'grammar']"
406,arcadio/data-logic,"['prolog', 'dsl', 'metaprogramming', 'nlp', 'logic-programming', 'expert-system', 'ontology', 'dcg', 'term-rewriting', 'symbolic-ai']"
407,ciao-lang/ciaopp,"['prolog', 'static-analysis', 'abstract-interpretation', 'ciao-prolog']"
408,wouterbeek/prolog_rdf,"['prolog', 'swi-prolog', 'linked-data', 'semantic-web', 'rdf']"
409,pveyes/smartass,"['javascript', 'interview-questions', 'nodejs', 'logic', 'questions']"
410,utahnlp/consistency,"['emnlp2019', 'nli', 'snli', 'mnli', 'consistency', 'pytorch', 'bert', 'mscoco', 'logic', 'first-order-logic', 'loss-functions', 'regularization']"
411,r4gus/nodus,"['bevy', 'bevy-engine', 'simulator', 'rust', 'logic-gates', 'logic', 'logic-circuit', 'circuit', 'gate']"
412,Bram-Hub/LEGUP,"['puzzle', 'logic-puzzles', 'logic']"
413,mndrix/regex,"['prolog', 'regular-expression', 'regex']"
414,mdiep/Logician,"['swift', 'kanren', 'logic-programming', 'solver', 'constraints']"
415,tomgrek/zincbase,"['graph-neural-networks', 'prolog', 'knowledge-graph', 'knowledge-base', 'neural-network']"
416,ianthehenry/mixologician,"['datalog', 'souffle-datalog-language', 'souffle', 'cocktails', 'logic-programming', 'mixology']"
417,prismplp/prism,"['probabilistic-models', 'probabilistic-programming', 'logic-programming', 'probabilistic-neural-network']"
418,s-arash/ascent,"['rust', 'datalog', 'logic-programming', 'lattice', 'declarative-language']"
419,pietrobarbiero/pytorch_explain,"['logic', 'pytorch', 'python', 'machine-learning', 'neural-network', 'deep-learning', 'explainability', 'explainable-ai', 'lens', 'entropy', 'sympy', 'interpretability', 'interpretable-ai', 'interpretable-deep-learning', 'interpretable-machine-learning']"
420,raydac/jprol,"['prolog', 'java', 'gui-editor', 'prolog-engine', 'engine', 'prolog-programming-language']"
421,potassco/clingo,"['answer-set-programming', 'declarative-programming', 'logic-programming']"
422,CoNarrative/precept,"['rules', 'clojure', 'clojurescript', 'functional-relational-programming', 'declarative-programming', 'functional-reactive-programming', 'logic-programming']"
423,logicmoo/logicmoo_workspace,"['logicmoo', 'prolog-programming-language', 'planner', 'mud', 'game-server', 'artifical-intelligence', 'agi']"
424,ErgoAI/ErgoEngine,"['knowledge-reasoning', 'logic-programming', 'object-oriented-programming', 'knowledge-representation-reasoning', 'ergo-reasoner', 'ergo', 'ergoreasoner', 'reasoner', 'ergo-engine']"
425,IBM/ULKB,"['knowledge-graph', 'logic', 'prover']"
426,OpenCircuits/OpenCircuits,"['circuits', 'typescript', 'designer', 'circuit-simulator', 'simulator', 'logic', 'logic-gates', 'digital-circuits', 'education', 'digital-circuit-design', 'hacktoberfest', 'circuit']"
427,philzook58/knuckledragger,"['logic', 'theorem-proving', 'proof-assistant', 'python']"
428,LukasZahradnik/PyNeuraLogic,"['machine-learning', 'deep-learning', 'graph-neural-networks', 'relational-learning', 'python', 'geometric-deep-learning', 'pytorch', 'logic-programming', 'differentiable-programming']"
429,DoctorWkt/CSCv2,"['cpu', '7400', 'logic', 'alu']"
430,Jaraxxus-Me/LogiCity,"['logic-programming', 'planning', 'reasoning', 'reinforcement-learning-environments']"
431,ai4reason/Prover9,"['theorem-prover', 'theorem-proving', 'logic', 'model-checking', 'mathematics', 'computer-science', 'first-order-logic']"
432,DevOgabek/LeetCodePythonSolutions,"['leetcode', 'leetcode-python', 'leetcode-solutions', 'logic-programming', 'solutions']"
433,mistupv/SWIPrologZ3,"['api', 'z3', 'z3-smt-solver', 'swi', 'prolog', 'c']"
434,triska/clpfd,"['constraint-programming', 'integer-arithmetic', 'clp', 'prolog', 'constraints', 'teaching']"
435,TEN-framework/ten_framework,"['ai', 'cloud-edge-computing', 'cross-language', 'cross-platform', 'workflow', 'cloud-store', 'package-management', 'c', 'cpp', 'golang', 'python', 'answer-set-programming', 'clingo', 'rust', 'plugin-system', 'ai-agents', 'javascript', 'nodejs', 'typescript']"
436,viatra/VIATRA-Generator,"['logic', 'modeling', 'graphs', 'eclipse-plugin']"
437,acharal/wam,"['wam', 'logic-programming', 'warren', 'machine', 'prolog-compiler', 'prolog']"
438,CapelliC/hitchhicker-prolog,"['logic-programming', 'javascript', 'prolog', 'prolog-implementation', 'semantic-publishing', 'nodejs', 'browser', 'virtual-machine']"
439,microsoft/service-fabric-healer,"['service-fabric', 'logic-programming', 'auto-mitigation', 'windows', 'linux', 'guan', 'csharp', 'net6']"
440,wernsey/Jatalog,"['datalog', 'datalog-engine', 'logic-programming', 'evaluation-engine']"
441,aclai-lab/ModalDecisionTrees.jl,"['decision-trees', 'logic', 'machine-learning', 'modal-logic', 'symbolic-learning', 'time-series-classification']"
442,sudiptog81/ducscode,"['cs', 'cpp', 'du', 'prolog', 'java', 'javascript', 'assembly', 'system-architecture', 'hacktoberfest']"
443,newca12/scala-atp,"['scala', 'scala-port', 'logic']"
444,sdleffler/whisper,"['logic-programming', 'rust', 'rust-lang', 'dsl', 'unification', 'backtracking-search']"
445,utahnlp/layer_augmentation,"['acl2019', 'nli', 'logic', 'attention-mechanism', 'attention', 'pytorch', 'first-order-logic', 'decomposable-attention', 'snli']"
446,agustingianni/Utilities,"['ida', 'idapython', 'scripts', 'arm', 'prolog', 'vulndev', 'research', 'exploiting']"
447,uclnlp/ntp,"['tensorflow', 'nips-2017', 'deep-learning', 'prolog']"
448,lps-js/lps-studio,"['gui', 'app', 'lps', 'electron', 'electron-app', 'visualisation', 'visualization', 'simulation', 'html5', 'canvas', 'html5-canvas', 'ai', 'artificial-intelligence', 'logic', 'logic-programming']"
449,GGBRW/BOOLR,"['digital', 'logic-gates', 'logic', 'simulation', 'simulator']"
450,schwering/limbo,"['logic', 'reasoning', 'knowledge', 'beliefs']"
451,acl2/acl2,"['acl2', 'theorem-prover', 'theorem-proving', 'common-lisp', 'rewriting', 'formal-verification', 'formal-methods', 'first-order-logic', 'logic']"
452,bnidia/ft_printf,"['algorithms', 'logic', 'rigor', 'unix']"
453,diagram-of-thought/diagram-of-thought,"['large-language-models', 'llm', 'reasoning', 'logic', 'math']"
454,Farfi55/CookedUp,"['answer-set-programming', 'game', 'overcooked', 'unical', 'unity', 'unity3d']"
455,rla/prolog-target-js,"['swi-prolog', 'transpiler', 'javascript']"
456,triska/proloxy,"['prolog', 'swi-prolog', 'proxy-server', 'https-proxy', 'https', 'http-proxy', 'websocket-connection']"
457,spamegg1/Epp-Discrete-Math-5th-solutions,"['algorithmic-complexity', 'big-o', 'circuits', 'computer-science', 'counting', 'discrete-mathematics', 'finite-state-automata', 'functions', 'graphs', 'logic', 'number-theory', 'probability', 'proofs', 'regular-expressions', 'relations', 'sets', 'trees']"
458,lab-v2/pyreason,"['logic', 'logic-programming', 'machine-learning', 'neurosymbolic', 'python', 'temporal-logic']"
459,kmtusher97/Knowledge-Based-QA-System-with-Python-and-Prolog,"['knowledge-based-systems', 'python3', 'prolog', 'prolog-application', 'prolog-python', 'chatbot', 'chatbots', 'python']"
460,DeMaCS-UNICAL/LoIDE,"['ide', 'logic-programming', 'web-based-ide', 'logic-formalisms', 'logic-based-languages', 'web-app', 'web-application', 'editing', 'editor', 'web-editor']"
461,bnediction/bonesis,"['answer-set-programming', 'boolean-networks', 'synthesis', 'systems-biology']"
462,anskarl/LoMRF,"['scala', 'machine-learning', 'logic', 'probabilistic-programming', 'inference', 'graphical-models']"
463,guregu/trealla-js,"['javascript', 'logic-programming', 'prolog', 'webassembly']"
464,rla/simple-template,"['template-engine', 'swi-prolog']"
465,aclai-lab/SoleLogics.jl,"['logic', 'modal-logic', 'symbolic-learning']"
466,LaMatemaga/CF-Matematicas,"['discrete-mathematics', 'spanish', 'programming-exercises', 'logic', 'set-theory', 'fundamentals-of-programming', 'graph-theory', 'mathematics', 'codigo-facilito']"
467,pchampio/othello-prolog,"['prolog', 'logic-programming', 'board-game', 'student-project', 'othello-game', 'swipl', 'alpha-beta', 'minmax', 'artificial-intelligence', 'univ-lemans']"
468,thautwarm/RSolve,"['solvers', 'logic-programming']"
469,rachelwiles/GoT-Check,"['game-of-thrones', 'got', 'prolog', 'prolog-implementation', 'prolog-programming-language', 'prolog-application', 'swi-prolog', 'prolog-exercises', 'prolog-tutorial', 'prolog-rules', 'family-tree', 'database']"
470,hylang/hydiomatic,"['python', 'minikanren', 'logic-programming', 'hy', 'static-code-analysis', 'symbolic-computation']"
471,ML-KULeuven/problog,"['problog', 'prolog', 'aproblog', 'dtproblog', 'probabilistic', 'probabilistic-inference', 'probabilistic-programming', 'probabilistic-logic-programming', 'lfi-problog']"
472,klaudiosinani/awesome-prolog,"['awesome', 'prolog', 'list', 'logic', 'programming']"
473,martinmogusu/course_advisor,"['prolog', 'expert-system', 'artificial-intelligence', 'knowledge-representation']"
474,ColemanGariety/derivation-machine,"['logic', 'calculus', 'premise', 'homework', 'conclusion']"
475,mrieppel/TruthTableGenerator,"['truth-table', 'logic', 'semantics', 'javascript', 'latex']"
476,typedb/typedb,"['database', 'knowledge-base', 'knowledge-representation', 'reasoning', 'logic', 'inference', 'typedb', 'typeql', 'type-system', 'strongly-typed', 'polymorphic', 'polymorphism']"
477,aclai-lab/Sole.jl,"['artificial-intelligence', 'julia', 'logic', 'symbolic-learning']"
478,matsud224/wamcompiler,"['warren-abstract-machine', 'wam', 'prolog', 'compiler', 'common-lisp']"
479,steshaw/plt,"['programming-languages', 'type-theory', 'functional-programming', 'category-theory', 'logic', 'proof-theory']"
480,kanugurajesh/RAG-Gemini,"['gemini-api', 'logic-programming', 'pineconedb', 'retrieval-augmented-generation', 'semantic-search', 'typescript', 'vector-database', 'script', 'generative-ai', 'rag-template']"
481,triska/bitcoinolog,"['bitcoin', 'prolog', 'bitcoin-wallet', 'elliptic-curves', 'cryptocurrency', 'offline-capable']"
482,leopoglia/java,"['java', 'logic', 'oriented-object-programming']"
483,sasagawa888/Elxlog,"['prolog', 'elixir']"
484,mndrix/func,"['prolog', 'functions']"
