repo,topic,
comfyanonymous/ComfyUI,pytorch,
comfyanonymous/ComfyUI,stablediffusion,
FlowiseAI/Flowise,artificialintelligence,
FlowiseAI/Flowise,chatbot,
FlowiseAI/Flowise,chatgpt,
FlowiseAI/Flowise,hacktoberfest,
FlowiseAI/Flowise,javascript,
FlowiseAI/Flowise,langchain,
FlowiseAI/Flowise,largelanguagemodels,
FlowiseAI/Flowise,llamaindex,
FlowiseAI/Flowise,lowcode,
FlowiseAI/Flowise,nocode,
FlowiseAI/Flowise,openai,
FlowiseAI/Flowise,rag,
FlowiseAI/Flowise,react,
FlowiseAI/Flowise,typescript,
FlowiseAI/Flowise,workflowautomation,
jagenjo/litegraph.js,blueprints,
jagenjo/litegraph.js,canvas2d,
jagenjo/litegraph.js,editor,
jagenjo/litegraph.js,graph,
jagenjo/litegraph.js,graphs,
jagenjo/litegraph.js,javascript,
jagenjo/litegraph.js,modular,
jagenjo/litegraph.js,nocode,
jagenjo/litegraph.js,nodegraph,
jagenjo/litegraph.js,nodejs,
jagenjo/litegraph.js,nodes,
jagenjo/litegraph.js,visual,
jagenjo/litegraph.js,visualprogramming,
jagenjo/litegraph.js,workflow,
biolab/orange3,classification,
biolab/orange3,clustering,
biolab/orange3,datamining,
biolab/orange3,datascience,
biolab/orange3,datavisualization,
biolab/orange3,decisiontrees,
biolab/orange3,machinelearning,
biolab/orange3,numpy,
biolab/orange3,orange,
biolab/orange3,orange3,
biolab/orange3,pandas,
biolab/orange3,plotting,
biolab/orange3,python,
biolab/orange3,randomforest,
biolab/orange3,regression,
biolab/orange3,scikitlearn,
biolab/orange3,scipy,
biolab/orange3,visualprogramming,
biolab/orange3,visualization,
jerosoler/Drawflow,dataflow,
jerosoler/Drawflow,dataflowprogramming,
jerosoler/Drawflow,drawflow,
jerosoler/Drawflow,editor,
jerosoler/Drawflow,flow,
jerosoler/Drawflow,flowbasedprogramming,
jerosoler/Drawflow,flowchart,
jerosoler/Drawflow,grapheditor,
jerosoler/Drawflow,javascript,
jerosoler/Drawflow,javascriptlibrary,
jerosoler/Drawflow,nodebased,
jerosoler/Drawflow,visualprogramming,
jerosoler/Drawflow,vue,
samuelmtimbo/unit,dataflowprogramming,
samuelmtimbo/unit,functionalprogramming,
samuelmtimbo/unit,liveprogramming,
samuelmtimbo/unit,programming,
samuelmtimbo/unit,programminglanguage,
samuelmtimbo/unit,reactiveprogramming,
samuelmtimbo/unit,unit,
samuelmtimbo/unit,visualprogramming,
Ironclad/rivet,ai,
Ironclad/rivet,llm,
Ironclad/rivet,openai,
Ironclad/rivet,typescript,
wonderworks-software/PyFlow,dataflowprogramming,
wonderworks-software/PyFlow,framework,
wonderworks-software/PyFlow,pyflow,
wonderworks-software/PyFlow,pyside2,
wonderworks-software/PyFlow,python,
wonderworks-software/PyFlow,qt,
wonderworks-software/PyFlow,subgraphs,
ianarawjo/ChainForge,ai,
ianarawjo/ChainForge,evaluation,
ianarawjo/ChainForge,largelanguagemodels,
ianarawjo/ChainForge,llmops,
ianarawjo/ChainForge,llms,
ianarawjo/ChainForge,promptengineering,
flydelabs/flyde,flowbased,
flydelabs/flyde,flowbasedprogramming,
flydelabs/flyde,reactiveprogramming,
flydelabs/flyde,visual,
flydelabs/flyde,visualprogramming,
flydelabs/flyde,visualprogrammingeditor,
flydelabs/flyde,visualprogramminglanguage,
flydelabs/flyde,visualstudiocode,
flydelabs/flyde,vscode,
flydelabs/flyde,vscodeextension,
laudspeaker/laudspeaker,checklistguides,
laudspeaker/laudspeaker,customerengagement,
laudspeaker/laudspeaker,customerjourney,
laudspeaker/laudspeaker,emailmarketing,
laudspeaker/laudspeaker,finitestatemachine,
laudspeaker/laudspeaker,growtheng,
laudspeaker/laudspeaker,nestjs,
laudspeaker/laudspeaker,nodejs,
laudspeaker/laudspeaker,omnichannel,
laudspeaker/laudspeaker,onboarding,
laudspeaker/laudspeaker,productadoption,
laudspeaker/laudspeaker,pushnotifications,
laudspeaker/laudspeaker,pushnotifications,
laudspeaker/laudspeaker,react,
laudspeaker/laudspeaker,setupwizard,
laudspeaker/laudspeaker,smsmarketing,
laudspeaker/laudspeaker,statemachine,
laudspeaker/laudspeaker,statemachines,
laudspeaker/laudspeaker,typescript,
laudspeaker/laudspeaker,useronboarding,
enso-org/enso,compiler,
enso-org/enso,enso,
enso-org/enso,functional,
enso-org/enso,graalvm,
enso-org/enso,hybrid,
enso-org/enso,interpreter,
enso-org/enso,jit,
enso-org/enso,language,
enso-org/enso,polyglot,
enso-org/enso,rts,
enso-org/enso,textual,
enso-org/enso,visual,
GraphiteEditor/Graphite,2dgraphics,
GraphiteEditor/Graphite,art,
GraphiteEditor/Graphite,compositor,
GraphiteEditor/Graphite,design,
GraphiteEditor/Graphite,graphicdesign,
GraphiteEditor/Graphite,graphicseditor,
GraphiteEditor/Graphite,imagegeneration,
GraphiteEditor/Graphite,imagemanipulation,
GraphiteEditor/Graphite,imageprocessing,
GraphiteEditor/Graphite,nodeeditor,
GraphiteEditor/Graphite,nodegraph,
GraphiteEditor/Graphite,photoediting,
GraphiteEditor/Graphite,photoeditor,
GraphiteEditor/Graphite,procedural,
GraphiteEditor/Graphite,proceduralart,
GraphiteEditor/Graphite,proceduraldrawing,
GraphiteEditor/Graphite,svgeditor,
GraphiteEditor/Graphite,vectoreditor,
node-red/node-red,flowbasedprogramming,
node-red/node-red,javascript,
node-red/node-red,lowcode,
node-red/node-red,nodered,
node-red/node-red,openjsfoundation,
node-red/node-red,visualprogramming,
JacquesLucke/animation_nodes,animationnodes,
JacquesLucke/animation_nodes,blender,
JacquesLucke/animation_nodes,python,
Nelarius/imnodes,cpp,
Nelarius/imnodes,gamedev,
Nelarius/imnodes,imgui,
Nelarius/imnodes,nodeeditor,
Nelarius/imnodes,tool,
Nelarius/imnodes,ui,
