subject,relationship,object,
comfyanonymous/ComfyUI,DEPENDS_ON,python-pillow/Pillow,
comfyanonymous/ComfyUI,DEPENDS_ON,scipy/scipy,
comfyanonymous/ComfyUI,DEPENDS_ON,yaml/pyyaml,
comfyanonymous/ComfyUI,DEPENDS_ON,tqdm/tqdm,
comfyanonymous/ComfyUI,DEPENDS_ON,pytorch/pytorch,
comfyanonymous/ComfyUI,DEPENDS_ON,pytorch/vision,
comfyanonymous/ComfyUI,DEPENDS_ON,aio-libs/aiohttp,
comfyanonymous/ComfyUI,DEPENDS_ON,arogozhnikov/einops,
comfyanonymous/ComfyUI,DEPENDS_ON,giampaolo/psutil,
comfyanonymous/ComfyUI,DEPENDS_ON,bastibe/python-soundfile,
comfyanonymous/ComfyUI,DEPENDS_ON,google/sentencepiece,
comfyanonymous/ComfyUI,DEPENDS_ON,pytorch/audio,
comfyanonymous/ComfyUI,DEPENDS_ON,google-research/torchsde,
comfyanonymous/ComfyUI,DEPENDS_ON,huggingface/transformers,
comfyanonymous/ComfyUI,DEPENDS_ON,huggingface/tokenizers,
comfyanonymous/ComfyUI,DEPENDS_ON,kornia/kornia,
comfyanonymous/ComfyUI,DEPENDS_ON,huggingface/safetensors,
comfyanonymous/ComfyUI,DEPENDS_ON,pytest-dev/pytest-asyncio,
comfyanonymous/ComfyUI,DEPENDS_ON,aio-libs/pytest-aiohttp,
comfyanonymous/ComfyUI,DEPENDS_ON,pytest-dev/pytest,
comfyanonymous/ComfyUI,DEPENDS_ON,actions/github-script,
comfyanonymous/ComfyUI,DEPENDS_ON,Comfy-Org/comfy-action,
comfyanonymous/ComfyUI,DEPENDS_ON,actions/checkout,
comfyanonymous/ComfyUI,DEPENDS_ON,actions/setup-python,
comfyanonymous/ComfyUI,DEPENDS_ON,actions/setup-python,
comfyanonymous/ComfyUI,DEPENDS_ON,svenstaro/upload-release-action,
comfyanonymous/ComfyUI,DEPENDS_ON,actions/stale,
comfyanonymous/ComfyUI,DEPENDS_ON,actions/upload-artifact,
FlowiseAI/Flowise,DEPENDS_ON,DefinitelyTyped/DefinitelyTyped,
FlowiseAI/Flowise,DEPENDS_ON,DefinitelyTyped/DefinitelyTyped,
FlowiseAI/Flowise,DEPENDS_ON,DefinitelyTyped/DefinitelyTyped,
FlowiseAI/Flowise,DEPENDS_ON,DefinitelyTyped/DefinitelyTyped,
FlowiseAI/Flowise,DEPENDS_ON,DefinitelyTyped/DefinitelyTyped,
FlowiseAI/Flowise,DEPENDS_ON,DefinitelyTyped/DefinitelyTyped,
FlowiseAI/Flowise,DEPENDS_ON,DefinitelyTyped/DefinitelyTyped,
FlowiseAI/Flowise,DEPENDS_ON,actions/checkout,
FlowiseAI/Flowise,DEPENDS_ON,docker/setup-buildx-action,
FlowiseAI/Flowise,DEPENDS_ON,docker/setup-qemu-action,
FlowiseAI/Flowise,DEPENDS_ON,docker/login-action,
FlowiseAI/Flowise,DEPENDS_ON,docker/build-push-action,
FlowiseAI/Flowise,DEPENDS_ON,actions/setup-node,
FlowiseAI/Flowise,DEPENDS_ON,pnpm/action-setup,
FlowiseAI/Flowise,DEPENDS_ON,DefinitelyTyped/DefinitelyTyped,
FlowiseAI/Flowise,DEPENDS_ON,DefinitelyTyped/DefinitelyTyped,
FlowiseAI/Flowise,DEPENDS_ON,apify/apify-client-js,
FlowiseAI/Flowise,DEPENDS_ON,makenotion/notion-sdk-js,
FlowiseAI/Flowise,DEPENDS_ON,ewfian/faiss-node,
FlowiseAI/Flowise,DEPENDS_ON,DefinitelyTyped/DefinitelyTyped,
FlowiseAI/Flowise,DEPENDS_ON,exa-labs/exa-js,
FlowiseAI/Flowise,DEPENDS_ON,langchain-ai/langchainjs,
FlowiseAI/Flowise,DEPENDS_ON,langchain-ai/langchainjs,
FlowiseAI/Flowise,DEPENDS_ON,langchain-ai/langchainjs,
FlowiseAI/Flowise,DEPENDS_ON,langchain-ai/langchainjs,
FlowiseAI/Flowise,DEPENDS_ON,langchain-ai/langchainjs,
FlowiseAI/Flowise,DEPENDS_ON,langchain-ai/langchainjs,
FlowiseAI/Flowise,DEPENDS_ON,langchain-ai/langgraphjs,
FlowiseAI/Flowise,DEPENDS_ON,langchain-ai/langchainjs,
FlowiseAI/Flowise,DEPENDS_ON,langchain-ai/langchainjs,
FlowiseAI/Flowise,DEPENDS_ON,actions/checkout,
FlowiseAI/Flowise,DEPENDS_ON,peter-evans/repository-dispatch,
FlowiseAI/Flowise,DEPENDS_ON,docker/setup-buildx-action,
FlowiseAI/Flowise,DEPENDS_ON,docker/setup-qemu-action,
FlowiseAI/Flowise,DEPENDS_ON,docker/login-action,
FlowiseAI/Flowise,DEPENDS_ON,docker/build-push-action,
FlowiseAI/Flowise,DEPENDS_ON,actions/setup-node,
FlowiseAI/Flowise,DEPENDS_ON,pnpm/action-setup,
FlowiseAI/Flowise,DEPENDS_ON,cypress-io/github-action,
FlowiseAI/Flowise,DEPENDS_ON,DefinitelyTyped/DefinitelyTyped,
FlowiseAI/Flowise,DEPENDS_ON,DefinitelyTyped/DefinitelyTyped,
FlowiseAI/Flowise,DEPENDS_ON,DefinitelyTyped/DefinitelyTyped,
FlowiseAI/Flowise,DEPENDS_ON,DefinitelyTyped/DefinitelyTyped,
FlowiseAI/Flowise,DEPENDS_ON,junosuarez/find-root,
FlowiseAI/Flowise,DEPENDS_ON,langchain-ai/langchainjs,
FlowiseAI/Flowise,DEPENDS_ON,langchain-ai/langchainjs,
FlowiseAI/Flowise,DEPENDS_ON,datastax/astra-db-ts,
FlowiseAI/Flowise,DEPENDS_ON,actions/checkout,
FlowiseAI/Flowise,DEPENDS_ON,peter-evans/repository-dispatch,
FlowiseAI/Flowise,DEPENDS_ON,docker/setup-buildx-action,
FlowiseAI/Flowise,DEPENDS_ON,DefinitelyTyped/DefinitelyTyped,
FlowiseAI/Flowise,DEPENDS_ON,DefinitelyTyped/DefinitelyTyped,
FlowiseAI/Flowise,DEPENDS_ON,DefinitelyTyped/DefinitelyTyped,
FlowiseAI/Flowise,DEPENDS_ON,DefinitelyTyped/DefinitelyTyped,
FlowiseAI/Flowise,DEPENDS_ON,actions/checkout,
FlowiseAI/Flowise,DEPENDS_ON,peter-evans/repository-dispatch,
FlowiseAI/Flowise,DEPENDS_ON,docker/setup-buildx-action,
FlowiseAI/Flowise,DEPENDS_ON,docker/setup-qemu-action,
FlowiseAI/Flowise,DEPENDS_ON,docker/login-action,
FlowiseAI/Flowise,DEPENDS_ON,docker/build-push-action,
FlowiseAI/Flowise,DEPENDS_ON,mac-s-g/react-json-view,
FlowiseAI/Flowise,DEPENDS_ON,mui/material-ui,
FlowiseAI/Flowise,DEPENDS_ON,mui/material-ui,
FlowiseAI/Flowise,DEPENDS_ON,mui/material-ui,
FlowiseAI/Flowise,DEPENDS_ON,actions/checkout,
FlowiseAI/Flowise,DEPENDS_ON,peter-evans/repository-dispatch,
FlowiseAI/Flowise,DEPENDS_ON,docker/setup-buildx-action,
FlowiseAI/Flowise,DEPENDS_ON,docker/setup-qemu-action,
FlowiseAI/Flowise,DEPENDS_ON,docker/login-action,
FlowiseAI/Flowise,DEPENDS_ON,docker/build-push-action,
FlowiseAI/Flowise,DEPENDS_ON,actions/setup-node,
FlowiseAI/Flowise,DEPENDS_ON,pnpm/action-setup,
FlowiseAI/Flowise,DEPENDS_ON,cypress-io/github-action,
FlowiseAI/Flowise,DEPENDS_ON,evanw/esbuild,
FlowiseAI/Flowise,DEPENDS_ON,humanwhocodes/module-importer,
FlowiseAI/Flowise,DEPENDS_ON,yargs/cliui,
FlowiseAI/Flowise,DEPENDS_ON,nodelib/nodelib,
FlowiseAI/Flowise,DEPENDS_ON,nodelib/nodelib,
FlowiseAI/Flowise,DEPENDS_ON,nodelib/nodelib,
FlowiseAI/Flowise,DEPENDS_ON,puppeteer/puppeteer,
FlowiseAI/Flowise,DEPENDS_ON,swc-project/swc,
FlowiseAI/Flowise,DEPENDS_ON,justjake/quickjs-emscripten,
FlowiseAI/Flowise,DEPENDS_ON,DefinitelyTyped/DefinitelyTyped,
FlowiseAI/Flowise,DEPENDS_ON,DefinitelyTyped/DefinitelyTyped,
FlowiseAI/Flowise,DEPENDS_ON,DefinitelyTyped/DefinitelyTyped,
FlowiseAI/Flowise,DEPENDS_ON,jonschlinkert/array-each,
FlowiseAI/Flowise,DEPENDS_ON,blakeembrey/array-flatten,
FlowiseAI/Flowise,DEPENDS_ON,jonschlinkert/array-each,
FlowiseAI/Flowise,DEPENDS_ON,blakeembrey/array-flatten,
FlowiseAI/Flowise,DEPENDS_ON,sonicdoe/css-color-keywords,
FlowiseAI/Flowise,DEPENDS_ON,d3/d3-drag,
FlowiseAI/Flowise,DEPENDS_ON,doowb/detect-file,
FlowiseAI/Flowise,DEPENDS_ON,fb55/domelementtype,
FlowiseAI/Flowise,DEPENDS_ON,fb55/domhandler,
FlowiseAI/Flowise,DEPENDS_ON,fb55/domutils,
FlowiseAI/Flowise,DEPENDS_ON,hiddentao/fast-levenshtein,
FlowiseAI/Flowise,DEPENDS_ON,jshttp/forwarded,
FlowiseAI/Flowise,DEPENDS_ON,isaacs/fs.realpath,
FlowiseAI/Flowise,DEPENDS_ON,sindresorhus/gzip-size,
FlowiseAI/Flowise,DEPENDS_ON,inspect-js/has-symbols,
FlowiseAI/Flowise,DEPENDS_ON,inspect-js/is-boolean-object,
FlowiseAI/Flowise,DEPENDS_ON,feross/is-buffer,
FlowiseAI/Flowise,DEPENDS_ON,inspect-js/is-callable,
FlowiseAI/Flowise,DEPENDS_ON,wooorm/is-decimal,
FlowiseAI/Flowise,DEPENDS_ON,wooorm/is-hexadecimal,
FlowiseAI/Flowise,DEPENDS_ON,inspect-js/is-number-object,
FlowiseAI/Flowise,DEPENDS_ON,sindresorhus/is-plain-obj,
FlowiseAI/Flowise,DEPENDS_ON,jonschlinkert/is-plain-object,
FlowiseAI/Flowise,DEPENDS_ON,jonschlinkert/is-relative,
FlowiseAI/Flowise,DEPENDS_ON,ljharb/Iterator.prototype,
FlowiseAI/Flowise,DEPENDS_ON,jestjs/jest,
FlowiseAI/Flowise,DEPENDS_ON,es-shims/typedarray,
FlowiseAI/Flowise,DEPENDS_ON,syntax-tree/unist-util-generated,
FlowiseAI/Flowise,DEPENDS_ON,browserslist/update-db,
FlowiseAI/Flowise,DEPENDS_ON,facebook/react,
FlowiseAI/Flowise,DEPENDS_ON,csstools/postcss-plugins,
FlowiseAI/Flowise,DEPENDS_ON,csstools/postcss-plugins,
FlowiseAI/Flowise,DEPENDS_ON,nrkn/css-select-base-adapter,
FlowiseAI/Flowise,DEPENDS_ON,cssnano/cssnano,
FlowiseAI/Flowise,DEPENDS_ON,tvcutsem/harmony-reflect,
FlowiseAI/Flowise,DEPENDS_ON,philbooth/hoopy,
FlowiseAI/Flowise,DEPENDS_ON,creationix/http-parser-js,
FlowiseAI/Flowise,DEPENDS_ON,sindresorhus/is-obj,
FlowiseAI/Flowise,DEPENDS_ON,sindresorhus/is-root,
FlowiseAI/Flowise,DEPENDS_ON,philbooth/tryer,
FlowiseAI/Flowise,DEPENDS_ON,npm/fs,
FlowiseAI/Flowise,DEPENDS_ON,DefinitelyTyped/DefinitelyTyped,
FlowiseAI/Flowise,DEPENDS_ON,DefinitelyTyped/DefinitelyTyped,
FlowiseAI/Flowise,DEPENDS_ON,jonschlinkert/copy-descriptor,
FlowiseAI/Flowise,DEPENDS_ON,medikoo/es5-ext,
FlowiseAI/Flowise,DEPENDS_ON,iarna/has-unicode,
FlowiseAI/Flowise,DEPENDS_ON,jonschlinkert/has-value,
FlowiseAI/Flowise,DEPENDS_ON,jonschlinkert/has-values,
FlowiseAI/Flowise,DEPENDS_ON,watson/is-lambda,
FlowiseAI/Flowise,DEPENDS_ON,rvagg/isstream,
FlowiseAI/Flowise,DEPENDS_ON,kemitchell/validate-npm-package-license.js,
FlowiseAI/Flowise,DEPENDS_ON,feross/arch,
FlowiseAI/Flowise,DEPENDS_ON,taylorhakes/fecha,
FlowiseAI/Flowise,DEPENDS_ON,ioredis/commands,
FlowiseAI/Flowise,DEPENDS_ON,brianc/node-postgres,
FlowiseAI/Flowise,DEPENDS_ON,evanw/esbuild,
FlowiseAI/Flowise,DEPENDS_ON,evanw/esbuild,
FlowiseAI/Flowise,DEPENDS_ON,evanw/esbuild,
FlowiseAI/Flowise,DEPENDS_ON,evanw/esbuild,
FlowiseAI/Flowise,DEPENDS_ON,evanw/esbuild,
FlowiseAI/Flowise,DEPENDS_ON,evanw/esbuild,
FlowiseAI/Flowise,DEPENDS_ON,evanw/esbuild,
FlowiseAI/Flowise,DEPENDS_ON,evanw/esbuild,
FlowiseAI/Flowise,DEPENDS_ON,evanw/esbuild,
FlowiseAI/Flowise,DEPENDS_ON,evanw/esbuild,
FlowiseAI/Flowise,DEPENDS_ON,evanw/esbuild,
FlowiseAI/Flowise,DEPENDS_ON,evanw/esbuild,
FlowiseAI/Flowise,DEPENDS_ON,evanw/esbuild,
FlowiseAI/Flowise,DEPENDS_ON,evanw/esbuild,
FlowiseAI/Flowise,DEPENDS_ON,evanw/esbuild,
FlowiseAI/Flowise,DEPENDS_ON,evanw/esbuild,
FlowiseAI/Flowise,DEPENDS_ON,evanw/esbuild,
FlowiseAI/Flowise,DEPENDS_ON,mbostock/rw,
FlowiseAI/Flowise,DEPENDS_ON,inspect-js/is-descriptor,
FlowiseAI/Flowise,DEPENDS_ON,babel/babel,
FlowiseAI/Flowise,DEPENDS_ON,babel/babel,
FlowiseAI/Flowise,DEPENDS_ON,babel/babel,
FlowiseAI/Flowise,DEPENDS_ON,emotion-js/emotion,
FlowiseAI/Flowise,DEPENDS_ON,DefinitelyTyped/DefinitelyTyped,
FlowiseAI/Flowise,DEPENDS_ON,DefinitelyTyped/DefinitelyTyped,
FlowiseAI/Flowise,DEPENDS_ON,DefinitelyTyped/DefinitelyTyped,
FlowiseAI/Flowise,DEPENDS_ON,DefinitelyTyped/DefinitelyTyped,
FlowiseAI/Flowise,DEPENDS_ON,DefinitelyTyped/DefinitelyTyped,
FlowiseAI/Flowise,DEPENDS_ON,DefinitelyTyped/DefinitelyTyped,
FlowiseAI/Flowise,DEPENDS_ON,DefinitelyTyped/DefinitelyTyped,
FlowiseAI/Flowise,DEPENDS_ON,DefinitelyTyped/DefinitelyTyped,
FlowiseAI/Flowise,DEPENDS_ON,DefinitelyTyped/DefinitelyTyped,
FlowiseAI/Flowise,DEPENDS_ON,DefinitelyTyped/DefinitelyTyped,
FlowiseAI/Flowise,DEPENDS_ON,junosuarez/find-root,
FlowiseAI/Flowise,DEPENDS_ON,gulpjs/interpret,
FlowiseAI/Flowise,DEPENDS_ON,DefinitelyTyped/DefinitelyTyped,
FlowiseAI/Flowise,DEPENDS_ON,DefinitelyTyped/DefinitelyTyped,
FlowiseAI/Flowise,DEPENDS_ON,DefinitelyTyped/DefinitelyTyped,
FlowiseAI/Flowise,DEPENDS_ON,DefinitelyTyped/DefinitelyTyped,
FlowiseAI/Flowise,DEPENDS_ON,DefinitelyTyped/DefinitelyTyped,
FlowiseAI/Flowise,DEPENDS_ON,DefinitelyTyped/DefinitelyTyped,
FlowiseAI/Flowise,DEPENDS_ON,DefinitelyTyped/DefinitelyTyped,
FlowiseAI/Flowise,DEPENDS_ON,DefinitelyTyped/DefinitelyTyped,
FlowiseAI/Flowise,DEPENDS_ON,DefinitelyTyped/DefinitelyTyped,
FlowiseAI/Flowise,DEPENDS_ON,DefinitelyTyped/DefinitelyTyped,
FlowiseAI/Flowise,DEPENDS_ON,DefinitelyTyped/DefinitelyTyped,
FlowiseAI/Flowise,DEPENDS_ON,DefinitelyTyped/DefinitelyTyped,
FlowiseAI/Flowise,DEPENDS_ON,googleapis/gcp-metadata,
FlowiseAI/Flowise,DEPENDS_ON,DefinitelyTyped/DefinitelyTyped,
FlowiseAI/Flowise,DEPENDS_ON,DefinitelyTyped/DefinitelyTyped,
FlowiseAI/Flowise,DEPENDS_ON,DefinitelyTyped/DefinitelyTyped,
FlowiseAI/Flowise,DEPENDS_ON,DefinitelyTyped/DefinitelyTyped,
FlowiseAI/Flowise,DEPENDS_ON,vercel/turborepo,
FlowiseAI/Flowise,DEPENDS_ON,vercel/turborepo,
FlowiseAI/Flowise,DEPENDS_ON,DefinitelyTyped/DefinitelyTyped,
FlowiseAI/Flowise,DEPENDS_ON,d3/d3-dispatch,
FlowiseAI/Flowise,DEPENDS_ON,sigstore/sigstore-js,
FlowiseAI/Flowise,DEPENDS_ON,sigstore/sigstore-js,
FlowiseAI/Flowise,DEPENDS_ON,theupdateframework/tuf-js,
FlowiseAI/Flowise,DEPENDS_ON,theupdateframework/tuf-js,
FlowiseAI/Flowise,DEPENDS_ON,mafintosh/generate-function,
FlowiseAI/Flowise,DEPENDS_ON,theupdateframework/tuf-js,
FlowiseAI/Flowise,DEPENDS_ON,facebookarchive/flux,
FlowiseAI/Flowise,DEPENDS_ON,sindresorhus/is-scoped,
FlowiseAI/Flowise,DEPENDS_ON,DefinitelyTyped/DefinitelyTyped,
FlowiseAI/Flowise,DEPENDS_ON,DefinitelyTyped/DefinitelyTyped,
FlowiseAI/Flowise,DEPENDS_ON,DefinitelyTyped/DefinitelyTyped,
FlowiseAI/Flowise,DEPENDS_ON,DefinitelyTyped/DefinitelyTyped,
FlowiseAI/Flowise,DEPENDS_ON,DefinitelyTyped/DefinitelyTyped,
FlowiseAI/Flowise,DEPENDS_ON,DefinitelyTyped/DefinitelyTyped,
FlowiseAI/Flowise,DEPENDS_ON,wooorm/devlop,
FlowiseAI/Flowise,DEPENDS_ON,zenorocha/good-listener,
FlowiseAI/Flowise,DEPENDS_ON,gulpjs/value-or-function,
FlowiseAI/Flowise,DEPENDS_ON,DefinitelyTyped/DefinitelyTyped,
FlowiseAI/Flowise,DEPENDS_ON,DefinitelyTyped/DefinitelyTyped,
FlowiseAI/Flowise,DEPENDS_ON,DefinitelyTyped/DefinitelyTyped,
FlowiseAI/Flowise,DEPENDS_ON,DefinitelyTyped/DefinitelyTyped,
FlowiseAI/Flowise,DEPENDS_ON,DefinitelyTyped/DefinitelyTyped,
FlowiseAI/Flowise,DEPENDS_ON,DefinitelyTyped/DefinitelyTyped,
FlowiseAI/Flowise,DEPENDS_ON,DefinitelyTyped/DefinitelyTyped,
FlowiseAI/Flowise,DEPENDS_ON,DefinitelyTyped/DefinitelyTyped,
FlowiseAI/Flowise,DEPENDS_ON,DefinitelyTyped/DefinitelyTyped,
FlowiseAI/Flowise,DEPENDS_ON,DefinitelyTyped/DefinitelyTyped,
FlowiseAI/Flowise,DEPENDS_ON,DefinitelyTyped/DefinitelyTyped,
FlowiseAI/Flowise,DEPENDS_ON,DefinitelyTyped/DefinitelyTyped,
FlowiseAI/Flowise,DEPENDS_ON,DefinitelyTyped/DefinitelyTyped,
FlowiseAI/Flowise,DEPENDS_ON,DefinitelyTyped/DefinitelyTyped,
FlowiseAI/Flowise,DEPENDS_ON,DefinitelyTyped/DefinitelyTyped,
FlowiseAI/Flowise,DEPENDS_ON,DefinitelyTyped/DefinitelyTyped,
FlowiseAI/Flowise,DEPENDS_ON,DefinitelyTyped/DefinitelyTyped,
FlowiseAI/Flowise,DEPENDS_ON,DefinitelyTyped/DefinitelyTyped,
FlowiseAI/Flowise,DEPENDS_ON,DefinitelyTyped/DefinitelyTyped,
FlowiseAI/Flowise,DEPENDS_ON,DefinitelyTyped/DefinitelyTyped,
FlowiseAI/Flowise,DEPENDS_ON,lxsmnsyc/seroval,
FlowiseAI/Flowise,DEPENDS_ON,redis/node-redis,
FlowiseAI/Flowise,DEPENDS_ON,redis/node-redis,
FlowiseAI/Flowise,DEPENDS_ON,DefinitelyTyped/DefinitelyTyped,
FlowiseAI/Flowise,DEPENDS_ON,remarkablemark/html-dom-parser,
FlowiseAI/Flowise,DEPENDS_ON,DefinitelyTyped/DefinitelyTyped,
FlowiseAI/Flowise,DEPENDS_ON,DefinitelyTyped/DefinitelyTyped,
FlowiseAI/Flowise,DEPENDS_ON,DefinitelyTyped/DefinitelyTyped,
FlowiseAI/Flowise,DEPENDS_ON,DefinitelyTyped/DefinitelyTyped,
FlowiseAI/Flowise,DEPENDS_ON,DefinitelyTyped/DefinitelyTyped,
FlowiseAI/Flowise,DEPENDS_ON,DefinitelyTyped/DefinitelyTyped,
FlowiseAI/Flowise,DEPENDS_ON,DefinitelyTyped/DefinitelyTyped,
FlowiseAI/Flowise,DEPENDS_ON,supabase/node-fetch,
FlowiseAI/Flowise,DEPENDS_ON,DefinitelyTyped/DefinitelyTyped,
FlowiseAI/Flowise,DEPENDS_ON,DefinitelyTyped/DefinitelyTyped,
FlowiseAI/Flowise,DEPENDS_ON,DefinitelyTyped/DefinitelyTyped,
FlowiseAI/Flowise,DEPENDS_ON,DefinitelyTyped/DefinitelyTyped,
FlowiseAI/Flowise,DEPENDS_ON,babel/babel,
FlowiseAI/Flowise,DEPENDS_ON,babel/babel,
FlowiseAI/Flowise,DEPENDS_ON,DefinitelyTyped/DefinitelyTyped,
FlowiseAI/Flowise,DEPENDS_ON,DefinitelyTyped/DefinitelyTyped,
FlowiseAI/Flowise,DEPENDS_ON,jantimon/html-webpack-plugin,
FlowiseAI/Flowise,DEPENDS_ON,DefinitelyTyped/DefinitelyTyped,
FlowiseAI/Flowise,DEPENDS_ON,DefinitelyTyped/DefinitelyTyped,
FlowiseAI/Flowise,DEPENDS_ON,redis/node-redis,
FlowiseAI/Flowise,DEPENDS_ON,redis/node-redis,
FlowiseAI/Flowise,DEPENDS_ON,DefinitelyTyped/DefinitelyTyped,
FlowiseAI/Flowise,DEPENDS_ON,floating-ui/floating-ui,
FlowiseAI/Flowise,DEPENDS_ON,DefinitelyTyped/DefinitelyTyped,
FlowiseAI/Flowise,DEPENDS_ON,DefinitelyTyped/DefinitelyTyped,
FlowiseAI/Flowise,DEPENDS_ON,mui/material-ui,
FlowiseAI/Flowise,DEPENDS_ON,smithy-lang/smithy-typescript,
FlowiseAI/Flowise,DEPENDS_ON,smithy-lang/smithy-typescript,
FlowiseAI/Flowise,DEPENDS_ON,smithy-lang/smithy-typescript,
FlowiseAI/Flowise,DEPENDS_ON,smithy-lang/smithy-typescript,
FlowiseAI/Flowise,DEPENDS_ON,smithy-lang/smithy-typescript,
FlowiseAI/Flowise,DEPENDS_ON,smithy-lang/smithy-typescript,
FlowiseAI/Flowise,DEPENDS_ON,smithy-lang/smithy-typescript,
FlowiseAI/Flowise,DEPENDS_ON,smithy-lang/smithy-typescript,
FlowiseAI/Flowise,DEPENDS_ON,ljharb/safe-regex-test,
FlowiseAI/Flowise,DEPENDS_ON,es-shims/iterator-helpers,
FlowiseAI/Flowise,DEPENDS_ON,es-shims/es-set-tostringtag,
FlowiseAI/Flowise,DEPENDS_ON,DefinitelyTyped/DefinitelyTyped,
FlowiseAI/Flowise,DEPENDS_ON,DefinitelyTyped/DefinitelyTyped,
FlowiseAI/Flowise,DEPENDS_ON,DefinitelyTyped/DefinitelyTyped,
FlowiseAI/Flowise,DEPENDS_ON,DefinitelyTyped/DefinitelyTyped,
FlowiseAI/Flowise,DEPENDS_ON,swc-project/pkgs,
FlowiseAI/Flowise,DEPENDS_ON,DefinitelyTyped/DefinitelyTyped,
FlowiseAI/Flowise,DEPENDS_ON,pgvector/pgvector-node,
FlowiseAI/Flowise,DEPENDS_ON,ljharb/es-define-property,
FlowiseAI/Flowise,DEPENDS_ON,rexxars/eventsource-parser,
FlowiseAI/Flowise,DEPENDS_ON,ljharb/define-data-property,
FlowiseAI/Flowise,DEPENDS_ON,inspect-js/typed-array-buffer,
FlowiseAI/Flowise,DEPENDS_ON,inspect-js/typed-array-byte-length,
FlowiseAI/Flowise,DEPENDS_ON,mui/material-ui,
FlowiseAI/Flowise,DEPENDS_ON,inspect-js/hasOwn,
FlowiseAI/Flowise,DEPENDS_ON,ljharb/set-function-length,
FlowiseAI/Flowise,DEPENDS_ON,ljharb/safe-array-concat,
FlowiseAI/Flowise,DEPENDS_ON,DefinitelyTyped/DefinitelyTyped,
FlowiseAI/Flowise,DEPENDS_ON,babel/babel,
FlowiseAI/Flowise,DEPENDS_ON,rollup/rollup,
FlowiseAI/Flowise,DEPENDS_ON,rollup/rollup,
FlowiseAI/Flowise,DEPENDS_ON,rollup/rollup,
FlowiseAI/Flowise,DEPENDS_ON,rollup/rollup,
FlowiseAI/Flowise,DEPENDS_ON,rollup/rollup,
FlowiseAI/Flowise,DEPENDS_ON,rollup/rollup,
FlowiseAI/Flowise,DEPENDS_ON,rollup/rollup,
FlowiseAI/Flowise,DEPENDS_ON,nodejs/nan,
FlowiseAI/Flowise,DEPENDS_ON,DefinitelyTyped/DefinitelyTyped,
FlowiseAI/Flowise,DEPENDS_ON,smithy-lang/smithy-typescript,
FlowiseAI/Flowise,DEPENDS_ON,smithy-lang/smithy-typescript,
FlowiseAI/Flowise,DEPENDS_ON,smithy-lang/smithy-typescript,
FlowiseAI/Flowise,DEPENDS_ON,smithy-lang/smithy-typescript,
FlowiseAI/Flowise,DEPENDS_ON,smithy-lang/smithy-typescript,
FlowiseAI/Flowise,DEPENDS_ON,smithy-lang/smithy-typescript,
FlowiseAI/Flowise,DEPENDS_ON,smithy-lang/smithy-typescript,
FlowiseAI/Flowise,DEPENDS_ON,smithy-lang/smithy-typescript,
FlowiseAI/Flowise,DEPENDS_ON,smithy-lang/smithy-typescript,
FlowiseAI/Flowise,DEPENDS_ON,smithy-lang/smithy-typescript,
FlowiseAI/Flowise,DEPENDS_ON,smithy-lang/smithy-typescript,
FlowiseAI/Flowise,DEPENDS_ON,smithy-lang/smithy-typescript,
FlowiseAI/Flowise,DEPENDS_ON,smithy-lang/smithy-typescript,
FlowiseAI/Flowise,DEPENDS_ON,smithy-lang/smithy-typescript,
FlowiseAI/Flowise,DEPENDS_ON,smithy-lang/smithy-typescript,
FlowiseAI/Flowise,DEPENDS_ON,smithy-lang/smithy-typescript,
FlowiseAI/Flowise,DEPENDS_ON,smithy-lang/smithy-typescript,
FlowiseAI/Flowise,DEPENDS_ON,smithy-lang/smithy-typescript,
FlowiseAI/Flowise,DEPENDS_ON,smithy-lang/smithy-typescript,
FlowiseAI/Flowise,DEPENDS_ON,smithy-lang/smithy-typescript,
FlowiseAI/Flowise,DEPENDS_ON,smithy-lang/smithy-typescript,
FlowiseAI/Flowise,DEPENDS_ON,smithy-lang/smithy-typescript,
FlowiseAI/Flowise,DEPENDS_ON,smithy-lang/smithy-typescript,
FlowiseAI/Flowise,DEPENDS_ON,smithy-lang/smithy-typescript,
FlowiseAI/Flowise,DEPENDS_ON,smithy-lang/smithy-typescript,
FlowiseAI/Flowise,DEPENDS_ON,smithy-lang/smithy-typescript,
FlowiseAI/Flowise,DEPENDS_ON,smithy-lang/smithy-typescript,
FlowiseAI/Flowise,DEPENDS_ON,smithy-lang/smithy-typescript,
FlowiseAI/Flowise,DEPENDS_ON,smithy-lang/smithy-typescript,
FlowiseAI/Flowise,DEPENDS_ON,smithy-lang/smithy-typescript,
FlowiseAI/Flowise,DEPENDS_ON,mui/material-ui,
FlowiseAI/Flowise,DEPENDS_ON,mui/material-ui,
FlowiseAI/Flowise,DEPENDS_ON,mui/material-ui,
FlowiseAI/Flowise,DEPENDS_ON,mui/material-ui,
FlowiseAI/Flowise,DEPENDS_ON,smithy-lang/smithy-typescript,
FlowiseAI/Flowise,DEPENDS_ON,smithy-lang/smithy-typescript,
FlowiseAI/Flowise,DEPENDS_ON,smithy-lang/smithy-typescript,
FlowiseAI/Flowise,DEPENDS_ON,groq/groq-typescript,
FlowiseAI/Flowise,DEPENDS_ON,couchbase/couchnode,
FlowiseAI/Flowise,DEPENDS_ON,e2b-dev/E2B,
FlowiseAI/Flowise,DEPENDS_ON,langchain-ai/langchainjs,
FlowiseAI/Flowise,DEPENDS_ON,langchain-ai/langchainjs,
jagenjo/litegraph.js,DEPENDS_ON,humanwhocodes/module-importer,
jagenjo/litegraph.js,DEPENDS_ON,nodelib/nodelib,
jagenjo/litegraph.js,DEPENDS_ON,nodelib/nodelib,
jagenjo/litegraph.js,DEPENDS_ON,nodelib/nodelib,
jagenjo/litegraph.js,DEPENDS_ON,DefinitelyTyped/DefinitelyTyped,
jagenjo/litegraph.js,DEPENDS_ON,DefinitelyTyped/DefinitelyTyped,
jagenjo/litegraph.js,DEPENDS_ON,DefinitelyTyped/DefinitelyTyped,
jagenjo/litegraph.js,DEPENDS_ON,DefinitelyTyped/DefinitelyTyped,
jagenjo/litegraph.js,DEPENDS_ON,DefinitelyTyped/DefinitelyTyped,
jagenjo/litegraph.js,DEPENDS_ON,DefinitelyTyped/DefinitelyTyped,
jagenjo/litegraph.js,DEPENDS_ON,DefinitelyTyped/DefinitelyTyped,
jagenjo/litegraph.js,DEPENDS_ON,jonschlinkert/array-each,
jagenjo/litegraph.js,DEPENDS_ON,blakeembrey/array-flatten,
jagenjo/litegraph.js,DEPENDS_ON,doowb/detect-file,
jagenjo/litegraph.js,DEPENDS_ON,hiddentao/fast-levenshtein,
jagenjo/litegraph.js,DEPENDS_ON,jshttp/forwarded,
jagenjo/litegraph.js,DEPENDS_ON,isaacs/fs.realpath,
jagenjo/litegraph.js,DEPENDS_ON,feross/is-buffer,
jagenjo/litegraph.js,DEPENDS_ON,inspect-js/is-descriptor,
jagenjo/litegraph.js,DEPENDS_ON,DefinitelyTyped/DefinitelyTyped,
jagenjo/litegraph.js,DEPENDS_ON,browserslist/update-db,
jagenjo/litegraph.js,DEPENDS_ON,DefinitelyTyped/DefinitelyTyped,
jagenjo/litegraph.js,DEPENDS_ON,inspect-js/has-symbols,
jagenjo/litegraph.js,DEPENDS_ON,jonschlinkert/is-plain-object,
jagenjo/litegraph.js,DEPENDS_ON,jonschlinkert/is-relative,
jagenjo/litegraph.js,DEPENDS_ON,jestjs/jest,
jagenjo/litegraph.js,DEPENDS_ON,sindresorhus/is-obj,
jagenjo/litegraph.js,DEPENDS_ON,jonschlinkert/copy-descriptor,
jagenjo/litegraph.js,DEPENDS_ON,jonschlinkert/has-value,
jagenjo/litegraph.js,DEPENDS_ON,jonschlinkert/has-values,
jagenjo/litegraph.js,DEPENDS_ON,feross/is-buffer,
jagenjo/litegraph.js,DEPENDS_ON,inspect-js/is-descriptor,
jagenjo/litegraph.js,DEPENDS_ON,DefinitelyTyped/DefinitelyTyped,
jagenjo/litegraph.js,DEPENDS_ON,browserslist/update-db,
jagenjo/litegraph.js,DEPENDS_ON,DefinitelyTyped/DefinitelyTyped,
jagenjo/litegraph.js,DEPENDS_ON,nodejs/nan,
jagenjo/litegraph.js,DEPENDS_ON,gulpjs/interpret,
biolab/orange3,DEPENDS_ON,psf/requests,
biolab/orange3,DEPENDS_ON,yaml/pyyaml,
biolab/orange3,DEPENDS_ON,networkx/networkx,
biolab/orange3,DEPENDS_ON,jmcnamara/XlsxWriter,
biolab/orange3,DEPENDS_ON,pypa/packaging,
biolab/orange3,DEPENDS_ON,jaraco/keyring,
biolab/orange3,DEPENDS_ON,joblib/joblib,
biolab/orange3,DEPENDS_ON,jaraco/keyrings.alt,
biolab/orange3,DEPENDS_ON,chardet/chardet,
biolab/orange3,DEPENDS_ON,biolab/serverfiles,
biolab/orange3,DEPENDS_ON,pypa/pip,
biolab/orange3,DEPENDS_ON,taynaud/python-louvain,
biolab/orange3,DEPENDS_ON,encode/httpx,
biolab/orange3,DEPENDS_ON,janezd/baycomp,
biolab/orange3,DEPENDS_ON,catboost/catboost,
biolab/orange3,DEPENDS_ON,pydata/bottleneck,
biolab/orange3,DEPENDS_ON,scipy/scipy,
biolab/orange3,DEPENDS_ON,pavlin-policar/openTSNE,
biolab/orange3,DEPENDS_ON,pandas-dev/pandas,
biolab/orange3,DEPENDS_ON,scikit-learn/scikit-learn,
biolab/orange3,DEPENDS_ON,pylint-dev/pylint,
biolab/orange3,DEPENDS_ON,readthedocs/recommonmark,
biolab/orange3,DEPENDS_ON,rubik/radon,
biolab/orange3,DEPENDS_ON,sphinx-doc/sphinx,
biolab/orange3,DEPENDS_ON,janezd/trubar,
biolab/orange3,DEPENDS_ON,readthedocs/sphinx-multiproject,
biolab/orange3,DEPENDS_ON,matplotlib/matplotlib,
biolab/orange3,DEPENDS_ON,pygments/pygments,
biolab/orange3,DEPENDS_ON,pyqtgraph/pyqtgraph,
biolab/orange3,DEPENDS_ON,ales-erjavec/anyqt,
biolab/orange3,DEPENDS_ON,biolab/orange-canvas-core,
biolab/orange3,DEPENDS_ON,cython/cython,
biolab/orange3,DEPENDS_ON,pymssql/pymssql,
biolab/orange3,DEPENDS_ON,pypa/gh-action-pypi-publish,
biolab/orange3,DEPENDS_ON,shogo82148/actions-upload-release-asset,
biolab/orange3,DEPENDS_ON,actions/checkout,
biolab/orange3,DEPENDS_ON,actions/upload-artifact,
biolab/orange3,DEPENDS_ON,actions/download-artifact,
biolab/orange3,DEPENDS_ON,pypa/cibuildwheel,
biolab/orange3,DEPENDS_ON,actions/setup-python,
biolab/orange3,DEPENDS_ON,docker/setup-qemu-action,
biolab/orange3,DEPENDS_ON,cirrus-actions/rebase,
biolab/orange3,DEPENDS_ON,codecov/codecov-action,
jerosoler/Drawflow,DEPENDS_ON,DefinitelyTyped/DefinitelyTyped,
jerosoler/Drawflow,DEPENDS_ON,jonschlinkert/array-each,
jerosoler/Drawflow,DEPENDS_ON,blakeembrey/array-flatten,
jerosoler/Drawflow,DEPENDS_ON,doowb/detect-file,
jerosoler/Drawflow,DEPENDS_ON,watson/dns-equal,
jerosoler/Drawflow,DEPENDS_ON,75lb/find-replace,
jerosoler/Drawflow,DEPENDS_ON,jshttp/forwarded,
jerosoler/Drawflow,DEPENDS_ON,isaacs/fs.realpath,
jerosoler/Drawflow,DEPENDS_ON,inspect-js/has-symbols,
jerosoler/Drawflow,DEPENDS_ON,sindresorhus/is-plain-obj,
jerosoler/Drawflow,DEPENDS_ON,jonschlinkert/is-plain-object,
jerosoler/Drawflow,DEPENDS_ON,jonschlinkert/is-relative,
jerosoler/Drawflow,DEPENDS_ON,es-shims/typedarray,
jerosoler/Drawflow,DEPENDS_ON,ogt/valid-url,
jerosoler/Drawflow,DEPENDS_ON,creationix/http-parser-js,
jerosoler/Drawflow,DEPENDS_ON,DefinitelyTyped/DefinitelyTyped,
jerosoler/Drawflow,DEPENDS_ON,DefinitelyTyped/DefinitelyTyped,
jerosoler/Drawflow,DEPENDS_ON,jonschlinkert/copy-descriptor,
jerosoler/Drawflow,DEPENDS_ON,medikoo/es5-ext,
jerosoler/Drawflow,DEPENDS_ON,jonschlinkert/has-value,
jerosoler/Drawflow,DEPENDS_ON,jonschlinkert/has-values,
jerosoler/Drawflow,DEPENDS_ON,feross/is-buffer,
jerosoler/Drawflow,DEPENDS_ON,kemitchell/validate-npm-package-license.js,
jerosoler/Drawflow,DEPENDS_ON,browserify/crypto-browserify,
jerosoler/Drawflow,DEPENDS_ON,indutny/hmac-drbg,
jerosoler/Drawflow,DEPENDS_ON,inspect-js/is-descriptor,
jerosoler/Drawflow,DEPENDS_ON,DefinitelyTyped/DefinitelyTyped,
jerosoler/Drawflow,DEPENDS_ON,gulpjs/interpret,
jerosoler/Drawflow,DEPENDS_ON,DefinitelyTyped/DefinitelyTyped,
jerosoler/Drawflow,DEPENDS_ON,DefinitelyTyped/DefinitelyTyped,
jerosoler/Drawflow,DEPENDS_ON,DefinitelyTyped/DefinitelyTyped,
jerosoler/Drawflow,DEPENDS_ON,DefinitelyTyped/DefinitelyTyped,
jerosoler/Drawflow,DEPENDS_ON,DefinitelyTyped/DefinitelyTyped,
jerosoler/Drawflow,DEPENDS_ON,DefinitelyTyped/DefinitelyTyped,
jerosoler/Drawflow,DEPENDS_ON,DefinitelyTyped/DefinitelyTyped,
jerosoler/Drawflow,DEPENDS_ON,DefinitelyTyped/DefinitelyTyped,
jerosoler/Drawflow,DEPENDS_ON,DefinitelyTyped/DefinitelyTyped,
jerosoler/Drawflow,DEPENDS_ON,DefinitelyTyped/DefinitelyTyped,
jerosoler/Drawflow,DEPENDS_ON,hiddentao/fast-levenshtein,
jerosoler/Drawflow,DEPENDS_ON,gulpjs/value-or-function,
jerosoler/Drawflow,DEPENDS_ON,gulpjs/has-gulplog,
jerosoler/Drawflow,DEPENDS_ON,DefinitelyTyped/DefinitelyTyped,
jerosoler/Drawflow,DEPENDS_ON,DefinitelyTyped/DefinitelyTyped,
jerosoler/Drawflow,DEPENDS_ON,DefinitelyTyped/DefinitelyTyped,
jerosoler/Drawflow,DEPENDS_ON,DefinitelyTyped/DefinitelyTyped,
jerosoler/Drawflow,DEPENDS_ON,DefinitelyTyped/DefinitelyTyped,
jerosoler/Drawflow,DEPENDS_ON,browserslist/update-db,
jerosoler/Drawflow,DEPENDS_ON,DefinitelyTyped/DefinitelyTyped,
jerosoler/Drawflow,DEPENDS_ON,ljharb/es-define-property,
jerosoler/Drawflow,DEPENDS_ON,ljharb/define-data-property,
jerosoler/Drawflow,DEPENDS_ON,DefinitelyTyped/DefinitelyTyped,
jerosoler/Drawflow,DEPENDS_ON,inspect-js/hasOwn,
jerosoler/Drawflow,DEPENDS_ON,ljharb/set-function-length,
jerosoler/Drawflow,DEPENDS_ON,DefinitelyTyped/DefinitelyTyped,
jerosoler/Drawflow,DEPENDS_ON,DefinitelyTyped/DefinitelyTyped,
jerosoler/Drawflow,DEPENDS_ON,babel/babel,
jerosoler/Drawflow,DEPENDS_ON,babel/babel,
jerosoler/Drawflow,DEPENDS_ON,babel/babel,
jerosoler/Drawflow,DEPENDS_ON,nodejs/nan,
jerosoler/Drawflow,DEPENDS_ON,DefinitelyTyped/DefinitelyTyped,
jerosoler/Drawflow,DEPENDS_ON,babel/babel,
jerosoler/Drawflow,DEPENDS_ON,babel/babel,
jerosoler/Drawflow,DEPENDS_ON,babel/babel,
chaiNNer-org/chaiNNer,DEPENDS_ON,humanwhocodes/module-importer,
chaiNNer-org/chaiNNer,DEPENDS_ON,nodelib/nodelib,
chaiNNer-org/chaiNNer,DEPENDS_ON,nodelib/nodelib,
chaiNNer-org/chaiNNer,DEPENDS_ON,nodelib/nodelib,
chaiNNer-org/chaiNNer,DEPENDS_ON,DefinitelyTyped/DefinitelyTyped,
chaiNNer-org/chaiNNer,DEPENDS_ON,DefinitelyTyped/DefinitelyTyped,
chaiNNer-org/chaiNNer,DEPENDS_ON,DefinitelyTyped/DefinitelyTyped,
chaiNNer-org/chaiNNer,DEPENDS_ON,DefinitelyTyped/DefinitelyTyped,
chaiNNer-org/chaiNNer,DEPENDS_ON,DefinitelyTyped/DefinitelyTyped,
chaiNNer-org/chaiNNer,DEPENDS_ON,DefinitelyTyped/DefinitelyTyped,
chaiNNer-org/chaiNNer,DEPENDS_ON,DefinitelyTyped/DefinitelyTyped,
chaiNNer-org/chaiNNer,DEPENDS_ON,DefinitelyTyped/DefinitelyTyped,
chaiNNer-org/chaiNNer,DEPENDS_ON,DefinitelyTyped/DefinitelyTyped,
chaiNNer-org/chaiNNer,DEPENDS_ON,DefinitelyTyped/DefinitelyTyped,
chaiNNer-org/chaiNNer,DEPENDS_ON,yarnpkg/yarn,
chaiNNer-org/chaiNNer,DEPENDS_ON,blakeembrey/array-flatten,
chaiNNer-org/chaiNNer,DEPENDS_ON,d3/d3-drag,
chaiNNer-org/chaiNNer,DEPENDS_ON,mysticatea/eslint-plugin-eslint-comments,
chaiNNer-org/chaiNNer,DEPENDS_ON,hiddentao/fast-levenshtein,
chaiNNer-org/chaiNNer,DEPENDS_ON,jshttp/forwarded,
chaiNNer-org/chaiNNer,DEPENDS_ON,isaacs/fs.realpath,
chaiNNer-org/chaiNNer,DEPENDS_ON,inspect-js/has-symbols,
chaiNNer-org/chaiNNer,DEPENDS_ON,gulpjs/interpret,
chaiNNer-org/chaiNNer,DEPENDS_ON,inspect-js/is-boolean-object,
chaiNNer-org/chaiNNer,DEPENDS_ON,feross/is-buffer,
chaiNNer-org/chaiNNer,DEPENDS_ON,inspect-js/is-callable,
chaiNNer-org/chaiNNer,DEPENDS_ON,inspect-js/is-number-object,
chaiNNer-org/chaiNNer,DEPENDS_ON,sindresorhus/is-plain-obj,
chaiNNer-org/chaiNNer,DEPENDS_ON,jonschlinkert/is-plain-object,
chaiNNer-org/chaiNNer,DEPENDS_ON,ljharb/safe-regex-test,
chaiNNer-org/chaiNNer,DEPENDS_ON,facebook/react,
chaiNNer-org/chaiNNer,DEPENDS_ON,sindresorhus/filename-reserved-regex,
chaiNNer-org/chaiNNer,DEPENDS_ON,sindresorhus/filenamify,
chaiNNer-org/chaiNNer,DEPENDS_ON,DefinitelyTyped/DefinitelyTyped,
chaiNNer-org/chaiNNer,DEPENDS_ON,iarna/has-unicode,
chaiNNer-org/chaiNNer,DEPENDS_ON,watson/is-lambda,
chaiNNer-org/chaiNNer,DEPENDS_ON,kemitchell/validate-npm-package-license.js,
chaiNNer-org/chaiNNer,DEPENDS_ON,emotion-js/emotion,
chaiNNer-org/chaiNNer,DEPENDS_ON,junosuarez/find-root,
chaiNNer-org/chaiNNer,DEPENDS_ON,DefinitelyTyped/DefinitelyTyped,
chaiNNer-org/chaiNNer,DEPENDS_ON,DefinitelyTyped/DefinitelyTyped,
chaiNNer-org/chaiNNer,DEPENDS_ON,DefinitelyTyped/DefinitelyTyped,
chaiNNer-org/chaiNNer,DEPENDS_ON,npm/fs,
chaiNNer-org/chaiNNer,DEPENDS_ON,DefinitelyTyped/DefinitelyTyped,
chaiNNer-org/chaiNNer,DEPENDS_ON,chakra-ui/chakra-ui,
chaiNNer-org/chaiNNer,DEPENDS_ON,chakra-ui/chakra-ui,
chaiNNer-org/chaiNNer,DEPENDS_ON,chakra-ui/chakra-ui,
chaiNNer-org/chaiNNer,DEPENDS_ON,chakra-ui/chakra-ui,
chaiNNer-org/chaiNNer,DEPENDS_ON,chakra-ui/chakra-ui,
chaiNNer-org/chaiNNer,DEPENDS_ON,chakra-ui/chakra-ui,
chaiNNer-org/chaiNNer,DEPENDS_ON,chakra-ui/chakra-ui,
chaiNNer-org/chaiNNer,DEPENDS_ON,chakra-ui/chakra-ui,
chaiNNer-org/chaiNNer,DEPENDS_ON,chakra-ui/chakra-ui,
chaiNNer-org/chaiNNer,DEPENDS_ON,chakra-ui/chakra-ui,
chaiNNer-org/chaiNNer,DEPENDS_ON,chakra-ui/chakra-ui,
chaiNNer-org/chaiNNer,DEPENDS_ON,chakra-ui/chakra-ui,
chaiNNer-org/chaiNNer,DEPENDS_ON,chakra-ui/chakra-ui,
chaiNNer-org/chaiNNer,DEPENDS_ON,DefinitelyTyped/DefinitelyTyped,
chaiNNer-org/chaiNNer,DEPENDS_ON,DefinitelyTyped/DefinitelyTyped,
chaiNNer-org/chaiNNer,DEPENDS_ON,DefinitelyTyped/DefinitelyTyped,
chaiNNer-org/chaiNNer,DEPENDS_ON,DefinitelyTyped/DefinitelyTyped,
chaiNNer-org/chaiNNer,DEPENDS_ON,DefinitelyTyped/DefinitelyTyped,
chaiNNer-org/chaiNNer,DEPENDS_ON,DefinitelyTyped/DefinitelyTyped,
chaiNNer-org/chaiNNer,DEPENDS_ON,DefinitelyTyped/DefinitelyTyped,
chaiNNer-org/chaiNNer,DEPENDS_ON,DefinitelyTyped/DefinitelyTyped,
chaiNNer-org/chaiNNer,DEPENDS_ON,DefinitelyTyped/DefinitelyTyped,
chaiNNer-org/chaiNNer,DEPENDS_ON,DefinitelyTyped/DefinitelyTyped,
chaiNNer-org/chaiNNer,DEPENDS_ON,DefinitelyTyped/DefinitelyTyped,
chaiNNer-org/chaiNNer,DEPENDS_ON,chakra-ui/zag,
chaiNNer-org/chaiNNer,DEPENDS_ON,d3/d3-dispatch,
chaiNNer-org/chaiNNer,DEPENDS_ON,mafintosh/generate-function,
chaiNNer-org/chaiNNer,DEPENDS_ON,chakra-ui/zag,
chaiNNer-org/chaiNNer,DEPENDS_ON,catamphetamine/javascript-time-ago,
chaiNNer-org/chaiNNer,DEPENDS_ON,DefinitelyTyped/DefinitelyTyped,
chaiNNer-org/chaiNNer,DEPENDS_ON,DefinitelyTyped/DefinitelyTyped,
chaiNNer-org/chaiNNer,DEPENDS_ON,DefinitelyTyped/DefinitelyTyped,
chaiNNer-org/chaiNNer,DEPENDS_ON,DefinitelyTyped/DefinitelyTyped,
chaiNNer-org/chaiNNer,DEPENDS_ON,MarshallOfSound/flora-colossus,
chaiNNer-org/chaiNNer,DEPENDS_ON,MarshallOfSound/galactus,
chaiNNer-org/chaiNNer,DEPENDS_ON,syntax-tree/unist-util-generated,
chaiNNer-org/chaiNNer,DEPENDS_ON,DefinitelyTyped/DefinitelyTyped,
chaiNNer-org/chaiNNer,DEPENDS_ON,electron/get,
chaiNNer-org/chaiNNer,DEPENDS_ON,DefinitelyTyped/DefinitelyTyped,
chaiNNer-org/chaiNNer,DEPENDS_ON,DefinitelyTyped/DefinitelyTyped,
chaiNNer-org/chaiNNer,DEPENDS_ON,DefinitelyTyped/DefinitelyTyped,
chaiNNer-org/chaiNNer,DEPENDS_ON,DefinitelyTyped/DefinitelyTyped,
chaiNNer-org/chaiNNer,DEPENDS_ON,DefinitelyTyped/DefinitelyTyped,
chaiNNer-org/chaiNNer,DEPENDS_ON,DefinitelyTyped/DefinitelyTyped,
chaiNNer-org/chaiNNer,DEPENDS_ON,DefinitelyTyped/DefinitelyTyped,
chaiNNer-org/chaiNNer,DEPENDS_ON,DefinitelyTyped/DefinitelyTyped,
chaiNNer-org/chaiNNer,DEPENDS_ON,DefinitelyTyped/DefinitelyTyped,
chaiNNer-org/chaiNNer,DEPENDS_ON,DefinitelyTyped/DefinitelyTyped,
chaiNNer-org/chaiNNer,DEPENDS_ON,DefinitelyTyped/DefinitelyTyped,
chaiNNer-org/chaiNNer,DEPENDS_ON,DefinitelyTyped/DefinitelyTyped,
chaiNNer-org/chaiNNer,DEPENDS_ON,DefinitelyTyped/DefinitelyTyped,
chaiNNer-org/chaiNNer,DEPENDS_ON,DefinitelyTyped/DefinitelyTyped,
chaiNNer-org/chaiNNer,DEPENDS_ON,DefinitelyTyped/DefinitelyTyped,
chaiNNer-org/chaiNNer,DEPENDS_ON,mongodb-js/electron-squirrel-startup,
chaiNNer-org/chaiNNer,DEPENDS_ON,DefinitelyTyped/DefinitelyTyped,
chaiNNer-org/chaiNNer,DEPENDS_ON,DefinitelyTyped/DefinitelyTyped,
chaiNNer-org/chaiNNer,DEPENDS_ON,DefinitelyTyped/DefinitelyTyped,
chaiNNer-org/chaiNNer,DEPENDS_ON,DefinitelyTyped/DefinitelyTyped,
chaiNNer-org/chaiNNer,DEPENDS_ON,JumpLink/cross-dirname,
chaiNNer-org/chaiNNer,DEPENDS_ON,DefinitelyTyped/DefinitelyTyped,
chaiNNer-org/chaiNNer,DEPENDS_ON,DefinitelyTyped/DefinitelyTyped,
chaiNNer-org/chaiNNer,DEPENDS_ON,DefinitelyTyped/DefinitelyTyped,
chaiNNer-org/chaiNNer,DEPENDS_ON,DefinitelyTyped/DefinitelyTyped,
chaiNNer-org/chaiNNer,DEPENDS_ON,DefinitelyTyped/DefinitelyTyped,
chaiNNer-org/chaiNNer,DEPENDS_ON,vitejs/vite-plugin-react-swc,
chaiNNer-org/chaiNNer,DEPENDS_ON,swc-project/pkgs,
chaiNNer-org/chaiNNer,DEPENDS_ON,ljharb/es-define-property,
chaiNNer-org/chaiNNer,DEPENDS_ON,ljharb/define-data-property,
chaiNNer-org/chaiNNer,DEPENDS_ON,babel/babel,
chaiNNer-org/chaiNNer,DEPENDS_ON,inspect-js/hasOwn,
chaiNNer-org/chaiNNer,DEPENDS_ON,ljharb/set-function-length,
chaiNNer-org/chaiNNer,DEPENDS_ON,swc-project/swc,
chaiNNer-org/chaiNNer,DEPENDS_ON,nodejs/nan,
chaiNNer-org/chaiNNer,DEPENDS_ON,vitest-dev/vitest,
chaiNNer-org/chaiNNer,DEPENDS_ON,vitest-dev/vitest,
chaiNNer-org/chaiNNer,DEPENDS_ON,vitest-dev/vitest,
chaiNNer-org/chaiNNer,DEPENDS_ON,vitest-dev/vitest,
chaiNNer-org/chaiNNer,DEPENDS_ON,vitest-dev/vitest,
chaiNNer-org/chaiNNer,DEPENDS_ON,electron/asar,
chaiNNer-org/chaiNNer,DEPENDS_ON,electron/fuses,
chaiNNer-org/chaiNNer,DEPENDS_ON,electron/forge,
chaiNNer-org/chaiNNer,DEPENDS_ON,electron/forge,
chaiNNer-org/chaiNNer,DEPENDS_ON,electron/forge,
chaiNNer-org/chaiNNer,DEPENDS_ON,electron/forge,
chaiNNer-org/chaiNNer,DEPENDS_ON,electron/forge,
chaiNNer-org/chaiNNer,DEPENDS_ON,electron/forge,
chaiNNer-org/chaiNNer,DEPENDS_ON,electron/forge,
chaiNNer-org/chaiNNer,DEPENDS_ON,electron/forge,
chaiNNer-org/chaiNNer,DEPENDS_ON,electron/forge,
chaiNNer-org/chaiNNer,DEPENDS_ON,electron/forge,
chaiNNer-org/chaiNNer,DEPENDS_ON,electron/forge,
chaiNNer-org/chaiNNer,DEPENDS_ON,electron/forge,
chaiNNer-org/chaiNNer,DEPENDS_ON,electron/forge,
chaiNNer-org/chaiNNer,DEPENDS_ON,electron/forge,
chaiNNer-org/chaiNNer,DEPENDS_ON,electron/forge,
chaiNNer-org/chaiNNer,DEPENDS_ON,evanw/esbuild,
chaiNNer-org/chaiNNer,DEPENDS_ON,evanw/esbuild,
chaiNNer-org/chaiNNer,DEPENDS_ON,evanw/esbuild,
chaiNNer-org/chaiNNer,DEPENDS_ON,evanw/esbuild,
chaiNNer-org/chaiNNer,DEPENDS_ON,evanw/esbuild,
chaiNNer-org/chaiNNer,DEPENDS_ON,evanw/esbuild,
chaiNNer-org/chaiNNer,DEPENDS_ON,evanw/esbuild,
chaiNNer-org/chaiNNer,DEPENDS_ON,evanw/esbuild,
chaiNNer-org/chaiNNer,DEPENDS_ON,evanw/esbuild,
chaiNNer-org/chaiNNer,DEPENDS_ON,evanw/esbuild,
chaiNNer-org/chaiNNer,DEPENDS_ON,pytest-dev/pytest,
chaiNNer-org/chaiNNer,DEPENDS_ON,microsoft/debugpy,
chaiNNer-org/chaiNNer,DEPENDS_ON,gaogaotiantian/viztracer,
chaiNNer-org/chaiNNer,DEPENDS_ON,RobertCraigie/pyright-python,
chaiNNer-org/chaiNNer,DEPENDS_ON,astral-sh/ruff,
chaiNNer-org/chaiNNer,DEPENDS_ON,fjogeleit/http-request-action,
chaiNNer-org/chaiNNer,DEPENDS_ON,actions/checkout,
chaiNNer-org/chaiNNer,DEPENDS_ON,actions/cache,
chaiNNer-org/chaiNNer,DEPENDS_ON,actions/setup-python,
chaiNNer-org/chaiNNer,DEPENDS_ON,actions/setup-node,
chaiNNer-org/chaiNNer,DEPENDS_ON,actions/upload-artifact,
Ironclad/rivet,DEPENDS_ON,DefinitelyTyped/DefinitelyTyped,
Ironclad/rivet,DEPENDS_ON,DefinitelyTyped/DefinitelyTyped,
Ironclad/rivet,DEPENDS_ON,DefinitelyTyped/DefinitelyTyped,
Ironclad/rivet,DEPENDS_ON,DefinitelyTyped/DefinitelyTyped,
Ironclad/rivet,DEPENDS_ON,DefinitelyTyped/DefinitelyTyped,
Ironclad/rivet,DEPENDS_ON,DefinitelyTyped/DefinitelyTyped,
Ironclad/rivet,DEPENDS_ON,DefinitelyTyped/DefinitelyTyped,
Ironclad/rivet,DEPENDS_ON,babel/babel,
Ironclad/rivet,DEPENDS_ON,humanwhocodes/module-importer,
Ironclad/rivet,DEPENDS_ON,nodelib/nodelib,
Ironclad/rivet,DEPENDS_ON,nodelib/nodelib,
Ironclad/rivet,DEPENDS_ON,nodelib/nodelib,
Ironclad/rivet,DEPENDS_ON,swc-project/pkgs,
Ironclad/rivet,DEPENDS_ON,swc-project/swc,
Ironclad/rivet,DEPENDS_ON,DefinitelyTyped/DefinitelyTyped,
Ironclad/rivet,DEPENDS_ON,DefinitelyTyped/DefinitelyTyped,
Ironclad/rivet,DEPENDS_ON,DefinitelyTyped/DefinitelyTyped,
Ironclad/rivet,DEPENDS_ON,DefinitelyTyped/DefinitelyTyped,
Ironclad/rivet,DEPENDS_ON,DefinitelyTyped/DefinitelyTyped,
Ironclad/rivet,DEPENDS_ON,DefinitelyTyped/DefinitelyTyped,
Ironclad/rivet,DEPENDS_ON,DefinitelyTyped/DefinitelyTyped,
Ironclad/rivet,DEPENDS_ON,DefinitelyTyped/DefinitelyTyped,
Ironclad/rivet,DEPENDS_ON,blakeembrey/array-flatten,
Ironclad/rivet,DEPENDS_ON,ljharb/define-data-property,
Ironclad/rivet,DEPENDS_ON,watson/dns-equal,
Ironclad/rivet,DEPENDS_ON,fb55/domhandler,
Ironclad/rivet,DEPENDS_ON,fb55/domutils,
Ironclad/rivet,DEPENDS_ON,hiddentao/fast-levenshtein,
Ironclad/rivet,DEPENDS_ON,jshttp/forwarded,
Ironclad/rivet,DEPENDS_ON,isaacs/fs.realpath,
Ironclad/rivet,DEPENDS_ON,sindresorhus/gzip-size,
Ironclad/rivet,DEPENDS_ON,inspect-js/has-symbols,
Ironclad/rivet,DEPENDS_ON,inspect-js/hasOwn,
Ironclad/rivet,DEPENDS_ON,jantimon/html-webpack-plugin,
Ironclad/rivet,DEPENDS_ON,inspect-js/is-boolean-object,
Ironclad/rivet,DEPENDS_ON,feross/is-buffer,
Ironclad/rivet,DEPENDS_ON,inspect-js/is-callable,
Ironclad/rivet,DEPENDS_ON,wooorm/is-decimal,
Ironclad/rivet,DEPENDS_ON,wooorm/is-hexadecimal,
Ironclad/rivet,DEPENDS_ON,inspect-js/is-number-object,
Ironclad/rivet,DEPENDS_ON,sindresorhus/is-plain-obj,
Ironclad/rivet,DEPENDS_ON,jonschlinkert/is-plain-object,
Ironclad/rivet,DEPENDS_ON,ljharb/safe-regex-test,
Ironclad/rivet,DEPENDS_ON,ljharb/set-function-length,
Ironclad/rivet,DEPENDS_ON,inspect-js/typed-array-byte-length,
Ironclad/rivet,DEPENDS_ON,facebook/react,
Ironclad/rivet,DEPENDS_ON,babel/babel,
Ironclad/rivet,DEPENDS_ON,DefinitelyTyped/DefinitelyTyped,
Ironclad/rivet,DEPENDS_ON,DefinitelyTyped/DefinitelyTyped,
Ironclad/rivet,DEPENDS_ON,cssnano/cssnano,
Ironclad/rivet,DEPENDS_ON,creationix/http-parser-js,
Ironclad/rivet,DEPENDS_ON,sindresorhus/is-root,
Ironclad/rivet,DEPENDS_ON,iarna/has-unicode,
Ironclad/rivet,DEPENDS_ON,watson/is-lambda,
Ironclad/rivet,DEPENDS_ON,browserslist/update-db,
Ironclad/rivet,DEPENDS_ON,DefinitelyTyped/DefinitelyTyped,
Ironclad/rivet,DEPENDS_ON,emotion-js/emotion,
Ironclad/rivet,DEPENDS_ON,junosuarez/find-root,
Ironclad/rivet,DEPENDS_ON,DefinitelyTyped/DefinitelyTyped,
Ironclad/rivet,DEPENDS_ON,DefinitelyTyped/DefinitelyTyped,
Ironclad/rivet,DEPENDS_ON,DefinitelyTyped/DefinitelyTyped,
Ironclad/rivet,DEPENDS_ON,gulpjs/interpret,
Ironclad/rivet,DEPENDS_ON,npm/fs,
Ironclad/rivet,DEPENDS_ON,DefinitelyTyped/DefinitelyTyped,
Ironclad/rivet,DEPENDS_ON,babel/babel,
Ironclad/rivet,DEPENDS_ON,babel/babel,
Ironclad/rivet,DEPENDS_ON,babel/babel,
Ironclad/rivet,DEPENDS_ON,babel/babel,
Ironclad/rivet,DEPENDS_ON,DefinitelyTyped/DefinitelyTyped,
Ironclad/rivet,DEPENDS_ON,vercel/next.js,
Ironclad/rivet,DEPENDS_ON,evanw/esbuild,
Ironclad/rivet,DEPENDS_ON,evanw/esbuild,
Ironclad/rivet,DEPENDS_ON,evanw/esbuild,
Ironclad/rivet,DEPENDS_ON,evanw/esbuild,
Ironclad/rivet,DEPENDS_ON,evanw/esbuild,
Ironclad/rivet,DEPENDS_ON,evanw/esbuild,
Ironclad/rivet,DEPENDS_ON,evanw/esbuild,
Ironclad/rivet,DEPENDS_ON,evanw/esbuild,
Ironclad/rivet,DEPENDS_ON,evanw/esbuild,
Ironclad/rivet,DEPENDS_ON,evanw/esbuild,
Ironclad/rivet,DEPENDS_ON,DefinitelyTyped/DefinitelyTyped,
Ironclad/rivet,DEPENDS_ON,facebookarchive/flux,
Ironclad/rivet,DEPENDS_ON,syntax-tree/unist-util-generated,
Ironclad/rivet,DEPENDS_ON,DefinitelyTyped/DefinitelyTyped,
Ironclad/rivet,DEPENDS_ON,DefinitelyTyped/DefinitelyTyped,
Ironclad/rivet,DEPENDS_ON,dtolnay/rust-toolchain,
Ironclad/rivet,DEPENDS_ON,actions/checkout,
Ironclad/rivet,DEPENDS_ON,actions/setup-node,
Ironclad/rivet,DEPENDS_ON,tauri-apps/tauri-action,
wonderworks-software/PyFlow,DEPENDS_ON,psf/requests,
wonderworks-software/PyFlow,DEPENDS_ON,pallets-eco/blinker,
wonderworks-software/PyFlow,DEPENDS_ON,spyder-ide/qtpy,
wonderworks-software/PyFlow,DEPENDS_ON,sphinx-doc/sphinx,
wonderworks-software/PyFlow,DEPENDS_ON,readthedocs/sphinx_rtd_theme,
ianarawjo/ChainForge,DEPENDS_ON,babel/babel,
ianarawjo/ChainForge,DEPENDS_ON,babel/babel,
ianarawjo/ChainForge,DEPENDS_ON,babel/babel,
ianarawjo/ChainForge,DEPENDS_ON,babel/babel,
ianarawjo/ChainForge,DEPENDS_ON,babel/babel,
ianarawjo/ChainForge,DEPENDS_ON,humanwhocodes/module-importer,
ianarawjo/ChainForge,DEPENDS_ON,nodelib/nodelib,
ianarawjo/ChainForge,DEPENDS_ON,nodelib/nodelib,
ianarawjo/ChainForge,DEPENDS_ON,nodelib/nodelib,
ianarawjo/ChainForge,DEPENDS_ON,DefinitelyTyped/DefinitelyTyped,
ianarawjo/ChainForge,DEPENDS_ON,DefinitelyTyped/DefinitelyTyped,
ianarawjo/ChainForge,DEPENDS_ON,DefinitelyTyped/DefinitelyTyped,
ianarawjo/ChainForge,DEPENDS_ON,DefinitelyTyped/DefinitelyTyped,
ianarawjo/ChainForge,DEPENDS_ON,blakeembrey/array-flatten,
ianarawjo/ChainForge,DEPENDS_ON,sonicdoe/css-color-keywords,
ianarawjo/ChainForge,DEPENDS_ON,d3/d3-collection,
ianarawjo/ChainForge,DEPENDS_ON,d3/d3-drag,
ianarawjo/ChainForge,DEPENDS_ON,watson/dns-equal,
ianarawjo/ChainForge,DEPENDS_ON,fb55/domelementtype,
ianarawjo/ChainForge,DEPENDS_ON,fb55/domhandler,
ianarawjo/ChainForge,DEPENDS_ON,fb55/domutils,
ianarawjo/ChainForge,DEPENDS_ON,es-shims/iterator-helpers,
ianarawjo/ChainForge,DEPENDS_ON,hiddentao/fast-levenshtein,
ianarawjo/ChainForge,DEPENDS_ON,jshttp/forwarded,
ianarawjo/ChainForge,DEPENDS_ON,isaacs/fs.realpath,
ianarawjo/ChainForge,DEPENDS_ON,sindresorhus/gzip-size,
ianarawjo/ChainForge,DEPENDS_ON,inspect-js/has-symbols,
ianarawjo/ChainForge,DEPENDS_ON,jantimon/html-webpack-plugin,
ianarawjo/ChainForge,DEPENDS_ON,inspect-js/is-boolean-object,
ianarawjo/ChainForge,DEPENDS_ON,inspect-js/is-callable,
ianarawjo/ChainForge,DEPENDS_ON,inspect-js/is-number-object,
ianarawjo/ChainForge,DEPENDS_ON,sindresorhus/is-plain-obj,
ianarawjo/ChainForge,DEPENDS_ON,jonschlinkert/is-plain-object,
ianarawjo/ChainForge,DEPENDS_ON,ljharb/Iterator.prototype,
ianarawjo/ChainForge,DEPENDS_ON,jestjs/jest,
ianarawjo/ChainForge,DEPENDS_ON,ljharb/safe-array-concat,
ianarawjo/ChainForge,DEPENDS_ON,ljharb/safe-regex-test,
ianarawjo/ChainForge,DEPENDS_ON,inspect-js/typed-array-buffer,
ianarawjo/ChainForge,DEPENDS_ON,inspect-js/typed-array-byte-length,
ianarawjo/ChainForge,DEPENDS_ON,es-shims/typedarray,
ianarawjo/ChainForge,DEPENDS_ON,browserslist/update-db,
ianarawjo/ChainForge,DEPENDS_ON,facebook/react,
ianarawjo/ChainForge,DEPENDS_ON,csstools/postcss-plugins,
ianarawjo/ChainForge,DEPENDS_ON,csstools/postcss-plugins,
ianarawjo/ChainForge,DEPENDS_ON,nrkn/css-select-base-adapter,
ianarawjo/ChainForge,DEPENDS_ON,cssnano/cssnano,
ianarawjo/ChainForge,DEPENDS_ON,tvcutsem/harmony-reflect,
ianarawjo/ChainForge,DEPENDS_ON,philbooth/hoopy,
ianarawjo/ChainForge,DEPENDS_ON,creationix/http-parser-js,
ianarawjo/ChainForge,DEPENDS_ON,sindresorhus/is-obj,
ianarawjo/ChainForge,DEPENDS_ON,sindresorhus/is-root,
ianarawjo/ChainForge,DEPENDS_ON,philbooth/tryer,
ianarawjo/ChainForge,DEPENDS_ON,medikoo/es5-ext,
ianarawjo/ChainForge,DEPENDS_ON,ahmadnassri/node-har-validator,
ianarawjo/ChainForge,DEPENDS_ON,rvagg/isstream,
ianarawjo/ChainForge,DEPENDS_ON,es-shims/es-set-tostringtag,
ianarawjo/ChainForge,DEPENDS_ON,DefinitelyTyped/DefinitelyTyped,
ianarawjo/ChainForge,DEPENDS_ON,DefinitelyTyped/DefinitelyTyped,
ianarawjo/ChainForge,DEPENDS_ON,DefinitelyTyped/DefinitelyTyped,
ianarawjo/ChainForge,DEPENDS_ON,DefinitelyTyped/DefinitelyTyped,
ianarawjo/ChainForge,DEPENDS_ON,DefinitelyTyped/DefinitelyTyped,
ianarawjo/ChainForge,DEPENDS_ON,DefinitelyTyped/DefinitelyTyped,
ianarawjo/ChainForge,DEPENDS_ON,babel/babel,
ianarawjo/ChainForge,DEPENDS_ON,inspect-js/defined,
ianarawjo/ChainForge,DEPENDS_ON,DefinitelyTyped/DefinitelyTyped,
ianarawjo/ChainForge,DEPENDS_ON,DefinitelyTyped/DefinitelyTyped,
ianarawjo/ChainForge,DEPENDS_ON,DefinitelyTyped/DefinitelyTyped,
ianarawjo/ChainForge,DEPENDS_ON,ljharb/define-data-property,
ianarawjo/ChainForge,DEPENDS_ON,mbostock/rw,
ianarawjo/ChainForge,DEPENDS_ON,DefinitelyTyped/DefinitelyTyped,
ianarawjo/ChainForge,DEPENDS_ON,browserify/crypto-browserify,
ianarawjo/ChainForge,DEPENDS_ON,indutny/hmac-drbg,
ianarawjo/ChainForge,DEPENDS_ON,emotion-js/emotion,
ianarawjo/ChainForge,DEPENDS_ON,junosuarez/find-root,
ianarawjo/ChainForge,DEPENDS_ON,floating-ui/floating-ui,
ianarawjo/ChainForge,DEPENDS_ON,DefinitelyTyped/DefinitelyTyped,
ianarawjo/ChainForge,DEPENDS_ON,DefinitelyTyped/DefinitelyTyped,
ianarawjo/ChainForge,DEPENDS_ON,DefinitelyTyped/DefinitelyTyped,
ianarawjo/ChainForge,DEPENDS_ON,DefinitelyTyped/DefinitelyTyped,
ianarawjo/ChainForge,DEPENDS_ON,sindresorhus/array-find-index,
ianarawjo/ChainForge,DEPENDS_ON,DefinitelyTyped/DefinitelyTyped,
ianarawjo/ChainForge,DEPENDS_ON,DefinitelyTyped/DefinitelyTyped,
ianarawjo/ChainForge,DEPENDS_ON,DefinitelyTyped/DefinitelyTyped,
ianarawjo/ChainForge,DEPENDS_ON,DefinitelyTyped/DefinitelyTyped,
ianarawjo/ChainForge,DEPENDS_ON,DefinitelyTyped/DefinitelyTyped,
ianarawjo/ChainForge,DEPENDS_ON,DefinitelyTyped/DefinitelyTyped,
ianarawjo/ChainForge,DEPENDS_ON,DefinitelyTyped/DefinitelyTyped,
ianarawjo/ChainForge,DEPENDS_ON,DefinitelyTyped/DefinitelyTyped,
ianarawjo/ChainForge,DEPENDS_ON,DefinitelyTyped/DefinitelyTyped,
ianarawjo/ChainForge,DEPENDS_ON,DefinitelyTyped/DefinitelyTyped,
ianarawjo/ChainForge,DEPENDS_ON,DefinitelyTyped/DefinitelyTyped,
ianarawjo/ChainForge,DEPENDS_ON,DefinitelyTyped/DefinitelyTyped,
ianarawjo/ChainForge,DEPENDS_ON,DefinitelyTyped/DefinitelyTyped,
ianarawjo/ChainForge,DEPENDS_ON,googleapis/gcp-metadata,
ianarawjo/ChainForge,DEPENDS_ON,d3/d3-dispatch,
ianarawjo/ChainForge,DEPENDS_ON,DefinitelyTyped/DefinitelyTyped,
ianarawjo/ChainForge,DEPENDS_ON,DefinitelyTyped/DefinitelyTyped,
ianarawjo/ChainForge,DEPENDS_ON,tuxsudo/is-in-browser,
ianarawjo/ChainForge,DEPENDS_ON,floating-ui/floating-ui,
ianarawjo/ChainForge,DEPENDS_ON,DefinitelyTyped/DefinitelyTyped,
ianarawjo/ChainForge,DEPENDS_ON,DefinitelyTyped/DefinitelyTyped,
ianarawjo/ChainForge,DEPENDS_ON,wooorm/devlop,
ianarawjo/ChainForge,DEPENDS_ON,Experience-Monks/glsl-token-inject-block,
ianarawjo/ChainForge,DEPENDS_ON,glslify/glsl-token-properties,
ianarawjo/ChainForge,DEPENDS_ON,glslify/glsl-token-scope,
ianarawjo/ChainForge,DEPENDS_ON,glslify/glsl-token-string,
ianarawjo/ChainForge,DEPENDS_ON,mapbox/geojson-vt,
ianarawjo/ChainForge,DEPENDS_ON,DefinitelyTyped/DefinitelyTyped,
ianarawjo/ChainForge,DEPENDS_ON,validate-io/number,
ianarawjo/ChainForge,DEPENDS_ON,DefinitelyTyped/DefinitelyTyped,
ianarawjo/ChainForge,DEPENDS_ON,DefinitelyTyped/DefinitelyTyped,
ianarawjo/ChainForge,DEPENDS_ON,DefinitelyTyped/DefinitelyTyped,
ianarawjo/ChainForge,DEPENDS_ON,DefinitelyTyped/DefinitelyTyped,
ianarawjo/ChainForge,DEPENDS_ON,DefinitelyTyped/DefinitelyTyped,
ianarawjo/ChainForge,DEPENDS_ON,DefinitelyTyped/DefinitelyTyped,
ianarawjo/ChainForge,DEPENDS_ON,etpinard/country-regex,
ianarawjo/ChainForge,DEPENDS_ON,dy/has-hover,
ianarawjo/ChainForge,DEPENDS_ON,ForbesLindesay/is-browser,
ianarawjo/ChainForge,DEPENDS_ON,kevva/is-iexplorer,
ianarawjo/ChainForge,DEPENDS_ON,DefinitelyTyped/DefinitelyTyped,
ianarawjo/ChainForge,DEPENDS_ON,DefinitelyTyped/DefinitelyTyped,
ianarawjo/ChainForge,DEPENDS_ON,DefinitelyTyped/DefinitelyTyped,
ianarawjo/ChainForge,DEPENDS_ON,DefinitelyTyped/DefinitelyTyped,
ianarawjo/ChainForge,DEPENDS_ON,DefinitelyTyped/DefinitelyTyped,
ianarawjo/ChainForge,DEPENDS_ON,sindresorhus/is-blob,
ianarawjo/ChainForge,DEPENDS_ON,DefinitelyTyped/DefinitelyTyped,
ianarawjo/ChainForge,DEPENDS_ON,DefinitelyTyped/DefinitelyTyped,
ianarawjo/ChainForge,DEPENDS_ON,DefinitelyTyped/DefinitelyTyped,
ianarawjo/ChainForge,DEPENDS_ON,rjsf-team/react-jsonschema-form,
ianarawjo/ChainForge,DEPENDS_ON,DefinitelyTyped/DefinitelyTyped,
ianarawjo/ChainForge,DEPENDS_ON,DefinitelyTyped/DefinitelyTyped,
ianarawjo/ChainForge,DEPENDS_ON,nodejs/nan,
ianarawjo/ChainForge,DEPENDS_ON,DefinitelyTyped/DefinitelyTyped,
ianarawjo/ChainForge,DEPENDS_ON,DefinitelyTyped/DefinitelyTyped,
ianarawjo/ChainForge,DEPENDS_ON,DefinitelyTyped/DefinitelyTyped,
ianarawjo/ChainForge,DEPENDS_ON,DefinitelyTyped/DefinitelyTyped,
ianarawjo/ChainForge,DEPENDS_ON,DefinitelyTyped/DefinitelyTyped,
ianarawjo/ChainForge,DEPENDS_ON,DefinitelyTyped/DefinitelyTyped,
ianarawjo/ChainForge,DEPENDS_ON,DefinitelyTyped/DefinitelyTyped,
ianarawjo/ChainForge,DEPENDS_ON,DefinitelyTyped/DefinitelyTyped,
ianarawjo/ChainForge,DEPENDS_ON,DefinitelyTyped/DefinitelyTyped,
ianarawjo/ChainForge,DEPENDS_ON,DefinitelyTyped/DefinitelyTyped,
ianarawjo/ChainForge,DEPENDS_ON,DefinitelyTyped/DefinitelyTyped,
ianarawjo/ChainForge,DEPENDS_ON,DefinitelyTyped/DefinitelyTyped,
ianarawjo/ChainForge,DEPENDS_ON,DefinitelyTyped/DefinitelyTyped,
ianarawjo/ChainForge,DEPENDS_ON,DefinitelyTyped/DefinitelyTyped,
ianarawjo/ChainForge,DEPENDS_ON,DefinitelyTyped/DefinitelyTyped,
ianarawjo/ChainForge,DEPENDS_ON,rjsf-team/react-jsonschema-form,
ianarawjo/ChainForge,DEPENDS_ON,DefinitelyTyped/DefinitelyTyped,
ianarawjo/ChainForge,DEPENDS_ON,DefinitelyTyped/DefinitelyTyped,
ianarawjo/ChainForge,DEPENDS_ON,smithy-lang/smithy-typescript,
ianarawjo/ChainForge,DEPENDS_ON,smithy-lang/smithy-typescript,
ianarawjo/ChainForge,DEPENDS_ON,smithy-lang/smithy-typescript,
ianarawjo/ChainForge,DEPENDS_ON,smithy-lang/smithy-typescript,
ianarawjo/ChainForge,DEPENDS_ON,smithy-lang/smithy-typescript,
ianarawjo/ChainForge,DEPENDS_ON,smithy-lang/smithy-typescript,
ianarawjo/ChainForge,DEPENDS_ON,inspect-js/hasOwn,
ianarawjo/ChainForge,DEPENDS_ON,DefinitelyTyped/DefinitelyTyped,
ianarawjo/ChainForge,DEPENDS_ON,smithy-lang/smithy-typescript,
ianarawjo/ChainForge,DEPENDS_ON,smithy-lang/smithy-typescript,
ianarawjo/ChainForge,DEPENDS_ON,smithy-lang/smithy-typescript,
ianarawjo/ChainForge,DEPENDS_ON,smithy-lang/smithy-typescript,
ianarawjo/ChainForge,DEPENDS_ON,smithy-lang/smithy-typescript,
ianarawjo/ChainForge,DEPENDS_ON,smithy-lang/smithy-typescript,
ianarawjo/ChainForge,DEPENDS_ON,smithy-lang/smithy-typescript,
ianarawjo/ChainForge,DEPENDS_ON,smithy-lang/smithy-typescript,
ianarawjo/ChainForge,DEPENDS_ON,smithy-lang/smithy-typescript,
ianarawjo/ChainForge,DEPENDS_ON,smithy-lang/smithy-typescript,
ianarawjo/ChainForge,DEPENDS_ON,smithy-lang/smithy-typescript,
ianarawjo/ChainForge,DEPENDS_ON,smithy-lang/smithy-typescript,
ianarawjo/ChainForge,DEPENDS_ON,smithy-lang/smithy-typescript,
ianarawjo/ChainForge,DEPENDS_ON,smithy-lang/smithy-typescript,
ianarawjo/ChainForge,DEPENDS_ON,smithy-lang/smithy-typescript,
ianarawjo/ChainForge,DEPENDS_ON,smithy-lang/smithy-typescript,
ianarawjo/ChainForge,DEPENDS_ON,smithy-lang/smithy-typescript,
ianarawjo/ChainForge,DEPENDS_ON,smithy-lang/smithy-typescript,
ianarawjo/ChainForge,DEPENDS_ON,smithy-lang/smithy-typescript,
ianarawjo/ChainForge,DEPENDS_ON,smithy-lang/smithy-typescript,
ianarawjo/ChainForge,DEPENDS_ON,smithy-lang/smithy-typescript,
ianarawjo/ChainForge,DEPENDS_ON,smithy-lang/smithy-typescript,
ianarawjo/ChainForge,DEPENDS_ON,smithy-lang/smithy-typescript,
ianarawjo/ChainForge,DEPENDS_ON,smithy-lang/smithy-typescript,
ianarawjo/ChainForge,DEPENDS_ON,smithy-lang/smithy-typescript,
ianarawjo/ChainForge,DEPENDS_ON,smithy-lang/smithy-typescript,
ianarawjo/ChainForge,DEPENDS_ON,smithy-lang/smithy-typescript,
ianarawjo/ChainForge,DEPENDS_ON,smithy-lang/smithy-typescript,
ianarawjo/ChainForge,DEPENDS_ON,smithy-lang/smithy-typescript,
ianarawjo/ChainForge,DEPENDS_ON,smithy-lang/smithy-typescript,
ianarawjo/ChainForge,DEPENDS_ON,pallets/flask,
ianarawjo/ChainForge,DEPENDS_ON,psf/requests,
ianarawjo/ChainForge,DEPENDS_ON,openai/openai-python,
ianarawjo/ChainForge,DEPENDS_ON,corydolphin/flask-cors,
ianarawjo/ChainForge,DEPENDS_ON,anthropics/anthropic-sdk-python,
ianarawjo/ChainForge,DEPENDS_ON,google-gemini/generative-ai-python,
ianarawjo/ChainForge,DEPENDS_ON,urllib3/urllib3,
ianarawjo/ChainForge,DEPENDS_ON,lepture/mistune,
ianarawjo/ChainForge,DEPENDS_ON,wastella/dalaipy,
flydelabs/flyde,DEPENDS_ON,DefinitelyTyped/DefinitelyTyped,
flydelabs/flyde,DEPENDS_ON,DefinitelyTyped/DefinitelyTyped,
flydelabs/flyde,DEPENDS_ON,DefinitelyTyped/DefinitelyTyped,
flydelabs/flyde,DEPENDS_ON,DefinitelyTyped/DefinitelyTyped,
flydelabs/flyde,DEPENDS_ON,DefinitelyTyped/DefinitelyTyped,
flydelabs/flyde,DEPENDS_ON,DefinitelyTyped/DefinitelyTyped,
flydelabs/flyde,DEPENDS_ON,DefinitelyTyped/DefinitelyTyped,
flydelabs/flyde,DEPENDS_ON,simbathesailor/use-what-changed,
flydelabs/flyde,DEPENDS_ON,DefinitelyTyped/DefinitelyTyped,
flydelabs/flyde,DEPENDS_ON,DefinitelyTyped/DefinitelyTyped,
flydelabs/flyde,DEPENDS_ON,babel/babel,
flydelabs/flyde,DEPENDS_ON,junosuarez/find-root,
flydelabs/flyde,DEPENDS_ON,blakeembrey/array-flatten,
flydelabs/flyde,DEPENDS_ON,ljharb/define-data-property,
flydelabs/flyde,DEPENDS_ON,jshttp/forwarded,
flydelabs/flyde,DEPENDS_ON,isaacs/fs.realpath,
flydelabs/flyde,DEPENDS_ON,inspect-js/has-symbols,
flydelabs/flyde,DEPENDS_ON,inspect-js/hasOwn,
flydelabs/flyde,DEPENDS_ON,gulpjs/interpret,
flydelabs/flyde,DEPENDS_ON,jonschlinkert/is-plain-object,
flydelabs/flyde,DEPENDS_ON,ljharb/set-function-length,
flydelabs/flyde,DEPENDS_ON,browserslist/update-db,
flydelabs/flyde,DEPENDS_ON,DefinitelyTyped/DefinitelyTyped,
flydelabs/flyde,DEPENDS_ON,DefinitelyTyped/DefinitelyTyped,
flydelabs/flyde,DEPENDS_ON,iarna/has-unicode,
flydelabs/flyde,DEPENDS_ON,feross/is-buffer,
flydelabs/flyde,DEPENDS_ON,kemitchell/validate-npm-package-license.js,
flydelabs/flyde,DEPENDS_ON,smithy-lang/smithy-typescript,
flydelabs/flyde,DEPENDS_ON,smithy-lang/smithy-typescript,
flydelabs/flyde,DEPENDS_ON,smithy-lang/smithy-typescript,
flydelabs/flyde,DEPENDS_ON,smithy-lang/smithy-typescript,
flydelabs/flyde,DEPENDS_ON,smithy-lang/smithy-typescript,
flydelabs/flyde,DEPENDS_ON,brianc/node-postgres,
flydelabs/flyde,DEPENDS_ON,smithy-lang/smithy-typescript,
flydelabs/flyde,DEPENDS_ON,smithy-lang/smithy-typescript,
flydelabs/flyde,DEPENDS_ON,babel/babel,
flydelabs/flyde,DEPENDS_ON,babel/babel,
flydelabs/flyde,DEPENDS_ON,babel/babel,
flydelabs/flyde,DEPENDS_ON,DefinitelyTyped/DefinitelyTyped,
flydelabs/flyde,DEPENDS_ON,DefinitelyTyped/DefinitelyTyped,
flydelabs/flyde,DEPENDS_ON,DefinitelyTyped/DefinitelyTyped,
flydelabs/flyde,DEPENDS_ON,DefinitelyTyped/DefinitelyTyped,
flydelabs/flyde,DEPENDS_ON,DefinitelyTyped/DefinitelyTyped,
flydelabs/flyde,DEPENDS_ON,DefinitelyTyped/DefinitelyTyped,
flydelabs/flyde,DEPENDS_ON,DefinitelyTyped/DefinitelyTyped,
flydelabs/flyde,DEPENDS_ON,evanw/esbuild,
flydelabs/flyde,DEPENDS_ON,DefinitelyTyped/DefinitelyTyped,
flydelabs/flyde,DEPENDS_ON,babel/babel,
flydelabs/flyde,DEPENDS_ON,babel/babel,
flydelabs/flyde,DEPENDS_ON,DefinitelyTyped/DefinitelyTyped,
flydelabs/flyde,DEPENDS_ON,smithy-lang/smithy-typescript,
flydelabs/flyde,DEPENDS_ON,DefinitelyTyped/DefinitelyTyped,
flydelabs/flyde,DEPENDS_ON,smithy-lang/smithy-typescript,
flydelabs/flyde,DEPENDS_ON,smithy-lang/smithy-typescript,
flydelabs/flyde,DEPENDS_ON,smithy-lang/smithy-typescript,
flydelabs/flyde,DEPENDS_ON,smithy-lang/smithy-typescript,
flydelabs/flyde,DEPENDS_ON,smithy-lang/smithy-typescript,
flydelabs/flyde,DEPENDS_ON,smithy-lang/smithy-typescript,
flydelabs/flyde,DEPENDS_ON,smithy-lang/smithy-typescript,
flydelabs/flyde,DEPENDS_ON,smithy-lang/smithy-typescript,
flydelabs/flyde,DEPENDS_ON,smithy-lang/smithy-typescript,
flydelabs/flyde,DEPENDS_ON,smithy-lang/smithy-typescript,
flydelabs/flyde,DEPENDS_ON,smithy-lang/smithy-typescript,
flydelabs/flyde,DEPENDS_ON,smithy-lang/smithy-typescript,
flydelabs/flyde,DEPENDS_ON,smithy-lang/smithy-typescript,
flydelabs/flyde,DEPENDS_ON,smithy-lang/smithy-typescript,
flydelabs/flyde,DEPENDS_ON,smithy-lang/smithy-typescript,
flydelabs/flyde,DEPENDS_ON,smithy-lang/smithy-typescript,
flydelabs/flyde,DEPENDS_ON,smithy-lang/smithy-typescript,
flydelabs/flyde,DEPENDS_ON,smithy-lang/smithy-typescript,
flydelabs/flyde,DEPENDS_ON,smithy-lang/smithy-typescript,
flydelabs/flyde,DEPENDS_ON,smithy-lang/smithy-typescript,
flydelabs/flyde,DEPENDS_ON,smithy-lang/smithy-typescript,
flydelabs/flyde,DEPENDS_ON,smithy-lang/smithy-typescript,
flydelabs/flyde,DEPENDS_ON,smithy-lang/smithy-typescript,
flydelabs/flyde,DEPENDS_ON,smithy-lang/smithy-typescript,
flydelabs/flyde,DEPENDS_ON,smithy-lang/smithy-typescript,
flydelabs/flyde,DEPENDS_ON,smithy-lang/smithy-typescript,
flydelabs/flyde,DEPENDS_ON,smithy-lang/smithy-typescript,
flydelabs/flyde,DEPENDS_ON,smithy-lang/smithy-typescript,
flydelabs/flyde,DEPENDS_ON,DefinitelyTyped/DefinitelyTyped,
flydelabs/flyde,DEPENDS_ON,abalabahaha/eris,
flydelabs/flyde,DEPENDS_ON,humanwhocodes/module-importer,
flydelabs/flyde,DEPENDS_ON,nodelib/nodelib,
flydelabs/flyde,DEPENDS_ON,nodelib/nodelib,
flydelabs/flyde,DEPENDS_ON,nodelib/nodelib,
flydelabs/flyde,DEPENDS_ON,DefinitelyTyped/DefinitelyTyped,
flydelabs/flyde,DEPENDS_ON,DefinitelyTyped/DefinitelyTyped,
flydelabs/flyde,DEPENDS_ON,DefinitelyTyped/DefinitelyTyped,
flydelabs/flyde,DEPENDS_ON,DefinitelyTyped/DefinitelyTyped,
flydelabs/flyde,DEPENDS_ON,DefinitelyTyped/DefinitelyTyped,
flydelabs/flyde,DEPENDS_ON,DefinitelyTyped/DefinitelyTyped,
flydelabs/flyde,DEPENDS_ON,DefinitelyTyped/DefinitelyTyped,
flydelabs/flyde,DEPENDS_ON,DefinitelyTyped/DefinitelyTyped,
flydelabs/flyde,DEPENDS_ON,DefinitelyTyped/DefinitelyTyped,
flydelabs/flyde,DEPENDS_ON,DefinitelyTyped/DefinitelyTyped,
flydelabs/flyde,DEPENDS_ON,DefinitelyTyped/DefinitelyTyped,
flydelabs/flyde,DEPENDS_ON,DefinitelyTyped/DefinitelyTyped,
flydelabs/flyde,DEPENDS_ON,DefinitelyTyped/DefinitelyTyped,
flydelabs/flyde,DEPENDS_ON,watson/dns-equal,
flydelabs/flyde,DEPENDS_ON,fb55/domelementtype,
flydelabs/flyde,DEPENDS_ON,fb55/domhandler,
flydelabs/flyde,DEPENDS_ON,fb55/domutils,
flydelabs/flyde,DEPENDS_ON,hiddentao/fast-levenshtein,
flydelabs/flyde,DEPENDS_ON,sindresorhus/gzip-size,
flydelabs/flyde,DEPENDS_ON,inspect-js/is-boolean-object,
flydelabs/flyde,DEPENDS_ON,inspect-js/is-callable,
flydelabs/flyde,DEPENDS_ON,inspect-js/is-number-object,
flydelabs/flyde,DEPENDS_ON,sindresorhus/is-plain-obj,
flydelabs/flyde,DEPENDS_ON,ljharb/safe-regex-test,
flydelabs/flyde,DEPENDS_ON,csstools/postcss-plugins,
flydelabs/flyde,DEPENDS_ON,csstools/postcss-plugins,
flydelabs/flyde,DEPENDS_ON,nrkn/css-select-base-adapter,
flydelabs/flyde,DEPENDS_ON,tvcutsem/harmony-reflect,
flydelabs/flyde,DEPENDS_ON,philbooth/hoopy,
flydelabs/flyde,DEPENDS_ON,creationix/http-parser-js,
flydelabs/flyde,DEPENDS_ON,sindresorhus/is-obj,
flydelabs/flyde,DEPENDS_ON,sindresorhus/is-root,
flydelabs/flyde,DEPENDS_ON,jestjs/jest,
flydelabs/flyde,DEPENDS_ON,philbooth/tryer,
flydelabs/flyde,DEPENDS_ON,DefinitelyTyped/DefinitelyTyped,
flydelabs/flyde,DEPENDS_ON,jantimon/html-webpack-plugin,
flydelabs/flyde,DEPENDS_ON,inspect-js/defined,
flydelabs/flyde,DEPENDS_ON,DefinitelyTyped/DefinitelyTyped,
flydelabs/flyde,DEPENDS_ON,DefinitelyTyped/DefinitelyTyped,
flydelabs/flyde,DEPENDS_ON,browserify/detective,
flydelabs/flyde,DEPENDS_ON,cssnano/cssnano,
flydelabs/flyde,DEPENDS_ON,DefinitelyTyped/DefinitelyTyped,
flydelabs/flyde,DEPENDS_ON,jonschlinkert/copy-descriptor,
flydelabs/flyde,DEPENDS_ON,jonschlinkert/has-value,
flydelabs/flyde,DEPENDS_ON,jonschlinkert/has-values,
flydelabs/flyde,DEPENDS_ON,inspect-js/is-descriptor,
flydelabs/flyde,DEPENDS_ON,rvagg/isstream,
flydelabs/flyde,DEPENDS_ON,DefinitelyTyped/DefinitelyTyped,
flydelabs/flyde,DEPENDS_ON,nodejs/nan,
flydelabs/flyde,DEPENDS_ON,yarnpkg/yarn,
flydelabs/flyde,DEPENDS_ON,blakeembrey/change-case,
flydelabs/flyde,DEPENDS_ON,DefinitelyTyped/DefinitelyTyped,
flydelabs/flyde,DEPENDS_ON,microsoft/ApplicationInsights-JS,
flydelabs/flyde,DEPENDS_ON,microsoft/vscode-extension-telemetry,
flydelabs/flyde,DEPENDS_ON,ljharb/es-define-property,
flydelabs/flyde,DEPENDS_ON,facebook/react,
flydelabs/flyde,DEPENDS_ON,actions/checkout,
flydelabs/flyde,DEPENDS_ON,actions/cache,
flydelabs/flyde,DEPENDS_ON,actions/setup-node,
flydelabs/flyde,DEPENDS_ON,pnpm/action-setup,
flydelabs/flyde,DEPENDS_ON,DefinitelyTyped/DefinitelyTyped,
flydelabs/flyde,DEPENDS_ON,DefinitelyTyped/DefinitelyTyped,
flydelabs/flyde,DEPENDS_ON,sonicdoe/css-color-keywords,
flydelabs/flyde,DEPENDS_ON,sindresorhus/hasha,
flydelabs/flyde,DEPENDS_ON,wooorm/is-decimal,
flydelabs/flyde,DEPENDS_ON,wooorm/is-hexadecimal,
flydelabs/flyde,DEPENDS_ON,inspect-js/typed-array-buffer,
flydelabs/flyde,DEPENDS_ON,inspect-js/typed-array-byte-length,
flydelabs/flyde,DEPENDS_ON,sindresorhus/array-equal,
flydelabs/flyde,DEPENDS_ON,b12-archive/array-from,
flydelabs/flyde,DEPENDS_ON,ahmadnassri/node-har-validator,
flydelabs/flyde,DEPENDS_ON,es-shims/es-set-tostringtag,
flydelabs/flyde,DEPENDS_ON,ljharb/safe-array-concat,
flydelabs/flyde,DEPENDS_ON,vercel/serve-handler,
flydelabs/flyde,DEPENDS_ON,DefinitelyTyped/DefinitelyTyped,
flydelabs/flyde,DEPENDS_ON,sindresorhus/has-yarn,
flydelabs/flyde,DEPENDS_ON,DefinitelyTyped/DefinitelyTyped,
flydelabs/flyde,DEPENDS_ON,DefinitelyTyped/DefinitelyTyped,
flydelabs/flyde,DEPENDS_ON,DefinitelyTyped/DefinitelyTyped,
flydelabs/flyde,DEPENDS_ON,slorber/combine-promises,
flydelabs/flyde,DEPENDS_ON,cssnano/cssnano,
flydelabs/flyde,DEPENDS_ON,facebookarchive/flux,
flydelabs/flyde,DEPENDS_ON,syntax-tree/unist-util-generated,
flydelabs/flyde,DEPENDS_ON,zenorocha/good-listener,
flydelabs/flyde,DEPENDS_ON,DefinitelyTyped/DefinitelyTyped,
flydelabs/flyde,DEPENDS_ON,ljharb/Iterator.prototype,
flydelabs/flyde,DEPENDS_ON,es-shims/iterator-helpers,
flydelabs/flyde,DEPENDS_ON,facebook/docusaurus,
flydelabs/flyde,DEPENDS_ON,facebook/docusaurus,
flydelabs/flyde,DEPENDS_ON,facebook/docusaurus,
flydelabs/flyde,DEPENDS_ON,facebook/docusaurus,
flydelabs/flyde,DEPENDS_ON,facebook/docusaurus,
flydelabs/flyde,DEPENDS_ON,facebook/docusaurus,
flydelabs/flyde,DEPENDS_ON,andyjansson/css-color-converter,
flydelabs/flyde,DEPENDS_ON,facebook/flow,
flydelabs/flyde,DEPENDS_ON,supabase/node-fetch,
flydelabs/flyde,DEPENDS_ON,floating-ui/floating-ui,
flydelabs/flyde,DEPENDS_ON,DefinitelyTyped/DefinitelyTyped,
flydelabs/flyde,DEPENDS_ON,evanw/esbuild,
flydelabs/flyde,DEPENDS_ON,evanw/esbuild,
flydelabs/flyde,DEPENDS_ON,evanw/esbuild,
flydelabs/flyde,DEPENDS_ON,evanw/esbuild,
flydelabs/flyde,DEPENDS_ON,evanw/esbuild,
flydelabs/flyde,DEPENDS_ON,evanw/esbuild,
flydelabs/flyde,DEPENDS_ON,evanw/esbuild,
flydelabs/flyde,DEPENDS_ON,evanw/esbuild,
flydelabs/flyde,DEPENDS_ON,evanw/esbuild,
flydelabs/flyde,DEPENDS_ON,evanw/esbuild,
flydelabs/flyde,DEPENDS_ON,evanw/esbuild,
flydelabs/flyde,DEPENDS_ON,evanw/esbuild,
flydelabs/flyde,DEPENDS_ON,evanw/esbuild,
flydelabs/flyde,DEPENDS_ON,evanw/esbuild,
flydelabs/flyde,DEPENDS_ON,evanw/esbuild,
flydelabs/flyde,DEPENDS_ON,evanw/esbuild,
flydelabs/flyde,DEPENDS_ON,evanw/esbuild,
flydelabs/flyde,DEPENDS_ON,vercel/next.js,
flydelabs/flyde,DEPENDS_ON,vercel/next.js,
flydelabs/flyde,DEPENDS_ON,vercel/next.js,
flydelabs/flyde,DEPENDS_ON,vercel/next.js,
flydelabs/flyde,DEPENDS_ON,xtuc/acorn-import-attributes,
flydelabs/flyde,DEPENDS_ON,supabase/auth-helpers,
laudspeaker/laudspeaker,DEPENDS_ON,typestack/class-transformer,
laudspeaker/laudspeaker,DEPENDS_ON,DefinitelyTyped/DefinitelyTyped,
laudspeaker/laudspeaker,DEPENDS_ON,getsentry/sentry-javascript,
laudspeaker/laudspeaker,DEPENDS_ON,DefinitelyTyped/DefinitelyTyped,
laudspeaker/laudspeaker,DEPENDS_ON,DefinitelyTyped/DefinitelyTyped,
laudspeaker/laudspeaker,DEPENDS_ON,DefinitelyTyped/DefinitelyTyped,
laudspeaker/laudspeaker,DEPENDS_ON,DefinitelyTyped/DefinitelyTyped,
laudspeaker/laudspeaker,DEPENDS_ON,typestack/class-sanitizer,
laudspeaker/laudspeaker,DEPENDS_ON,databricks/databricks-sql-nodejs,
laudspeaker/laudspeaker,DEPENDS_ON,nestjs/cache-manager,
laudspeaker/laudspeaker,DEPENDS_ON,babel/babel,
laudspeaker/laudspeaker,DEPENDS_ON,humanwhocodes/module-importer,
laudspeaker/laudspeaker,DEPENDS_ON,yargs/cliui,
laudspeaker/laudspeaker,DEPENDS_ON,nodelib/nodelib,
laudspeaker/laudspeaker,DEPENDS_ON,nodelib/nodelib,
laudspeaker/laudspeaker,DEPENDS_ON,nodelib/nodelib,
laudspeaker/laudspeaker,DEPENDS_ON,DefinitelyTyped/DefinitelyTyped,
laudspeaker/laudspeaker,DEPENDS_ON,DefinitelyTyped/DefinitelyTyped,
laudspeaker/laudspeaker,DEPENDS_ON,DefinitelyTyped/DefinitelyTyped,
laudspeaker/laudspeaker,DEPENDS_ON,DefinitelyTyped/DefinitelyTyped,
laudspeaker/laudspeaker,DEPENDS_ON,DefinitelyTyped/DefinitelyTyped,
laudspeaker/laudspeaker,DEPENDS_ON,DefinitelyTyped/DefinitelyTyped,
laudspeaker/laudspeaker,DEPENDS_ON,DefinitelyTyped/DefinitelyTyped,
laudspeaker/laudspeaker,DEPENDS_ON,DefinitelyTyped/DefinitelyTyped,
laudspeaker/laudspeaker,DEPENDS_ON,DefinitelyTyped/DefinitelyTyped,
laudspeaker/laudspeaker,DEPENDS_ON,DefinitelyTyped/DefinitelyTyped,
laudspeaker/laudspeaker,DEPENDS_ON,DefinitelyTyped/DefinitelyTyped,
laudspeaker/laudspeaker,DEPENDS_ON,DefinitelyTyped/DefinitelyTyped,
laudspeaker/laudspeaker,DEPENDS_ON,DefinitelyTyped/DefinitelyTyped,
laudspeaker/laudspeaker,DEPENDS_ON,DefinitelyTyped/DefinitelyTyped,
laudspeaker/laudspeaker,DEPENDS_ON,DefinitelyTyped/DefinitelyTyped,
laudspeaker/laudspeaker,DEPENDS_ON,DefinitelyTyped/DefinitelyTyped,
laudspeaker/laudspeaker,DEPENDS_ON,DefinitelyTyped/DefinitelyTyped,
laudspeaker/laudspeaker,DEPENDS_ON,DefinitelyTyped/DefinitelyTyped,
laudspeaker/laudspeaker,DEPENDS_ON,DefinitelyTyped/DefinitelyTyped,
laudspeaker/laudspeaker,DEPENDS_ON,blakeembrey/array-flatten,
laudspeaker/laudspeaker,DEPENDS_ON,sonicdoe/css-color-keywords,
laudspeaker/laudspeaker,DEPENDS_ON,d3/d3-drag,
laudspeaker/laudspeaker,DEPENDS_ON,watson/dns-equal,
laudspeaker/laudspeaker,DEPENDS_ON,fb55/domelementtype,
laudspeaker/laudspeaker,DEPENDS_ON,fb55/domhandler,
laudspeaker/laudspeaker,DEPENDS_ON,fb55/domutils,
laudspeaker/laudspeaker,DEPENDS_ON,hiddentao/fast-levenshtein,
laudspeaker/laudspeaker,DEPENDS_ON,jshttp/forwarded,
laudspeaker/laudspeaker,DEPENDS_ON,isaacs/fs.realpath,
laudspeaker/laudspeaker,DEPENDS_ON,sindresorhus/gzip-size,
laudspeaker/laudspeaker,DEPENDS_ON,inspect-js/has-symbols,
laudspeaker/laudspeaker,DEPENDS_ON,jantimon/html-webpack-plugin,
laudspeaker/laudspeaker,DEPENDS_ON,inspect-js/is-boolean-object,
laudspeaker/laudspeaker,DEPENDS_ON,feross/is-buffer,
laudspeaker/laudspeaker,DEPENDS_ON,inspect-js/is-callable,
laudspeaker/laudspeaker,DEPENDS_ON,inspect-js/is-number-object,
laudspeaker/laudspeaker,DEPENDS_ON,sindresorhus/is-plain-obj,
laudspeaker/laudspeaker,DEPENDS_ON,ljharb/safe-regex-test,
laudspeaker/laudspeaker,DEPENDS_ON,inspect-js/typed-array-buffer,
laudspeaker/laudspeaker,DEPENDS_ON,inspect-js/typed-array-byte-length,
laudspeaker/laudspeaker,DEPENDS_ON,es-shims/typedarray,
laudspeaker/laudspeaker,DEPENDS_ON,syntax-tree/unist-util-generated,
laudspeaker/laudspeaker,DEPENDS_ON,facebook/react,
laudspeaker/laudspeaker,DEPENDS_ON,csstools/postcss-plugins,
laudspeaker/laudspeaker,DEPENDS_ON,csstools/postcss-plugins,
laudspeaker/laudspeaker,DEPENDS_ON,nrkn/css-select-base-adapter,
laudspeaker/laudspeaker,DEPENDS_ON,cssnano/cssnano,
laudspeaker/laudspeaker,DEPENDS_ON,tvcutsem/harmony-reflect,
laudspeaker/laudspeaker,DEPENDS_ON,philbooth/hoopy,
laudspeaker/laudspeaker,DEPENDS_ON,creationix/http-parser-js,
laudspeaker/laudspeaker,DEPENDS_ON,sindresorhus/is-obj,
laudspeaker/laudspeaker,DEPENDS_ON,sindresorhus/is-root,
laudspeaker/laudspeaker,DEPENDS_ON,jestjs/jest,
laudspeaker/laudspeaker,DEPENDS_ON,philbooth/tryer,
laudspeaker/laudspeaker,DEPENDS_ON,ahmadnassri/node-har-validator,
laudspeaker/laudspeaker,DEPENDS_ON,iarna/has-unicode,
laudspeaker/laudspeaker,DEPENDS_ON,watson/is-lambda,
laudspeaker/laudspeaker,DEPENDS_ON,rvagg/isstream,
laudspeaker/laudspeaker,DEPENDS_ON,DefinitelyTyped/DefinitelyTyped,
laudspeaker/laudspeaker,DEPENDS_ON,es-shims/es-set-tostringtag,
laudspeaker/laudspeaker,DEPENDS_ON,ljharb/safe-array-concat,
laudspeaker/laudspeaker,DEPENDS_ON,browserslist/update-db,
laudspeaker/laudspeaker,DEPENDS_ON,feross/arch,
laudspeaker/laudspeaker,DEPENDS_ON,taylorhakes/fecha,
laudspeaker/laudspeaker,DEPENDS_ON,ioredis/commands,
laudspeaker/laudspeaker,DEPENDS_ON,brianc/node-postgres,
laudspeaker/laudspeaker,DEPENDS_ON,DefinitelyTyped/DefinitelyTyped,
laudspeaker/laudspeaker,DEPENDS_ON,DefinitelyTyped/DefinitelyTyped,
laudspeaker/laudspeaker,DEPENDS_ON,DefinitelyTyped/DefinitelyTyped,
laudspeaker/laudspeaker,DEPENDS_ON,DefinitelyTyped/DefinitelyTyped,
laudspeaker/laudspeaker,DEPENDS_ON,junosuarez/find-root,
laudspeaker/laudspeaker,DEPENDS_ON,DefinitelyTyped/DefinitelyTyped,
laudspeaker/laudspeaker,DEPENDS_ON,DefinitelyTyped/DefinitelyTyped,
laudspeaker/laudspeaker,DEPENDS_ON,DefinitelyTyped/DefinitelyTyped,
laudspeaker/laudspeaker,DEPENDS_ON,DefinitelyTyped/DefinitelyTyped,
laudspeaker/laudspeaker,DEPENDS_ON,DefinitelyTyped/DefinitelyTyped,
laudspeaker/laudspeaker,DEPENDS_ON,DefinitelyTyped/DefinitelyTyped,
laudspeaker/laudspeaker,DEPENDS_ON,gulpjs/interpret,
laudspeaker/laudspeaker,DEPENDS_ON,redis/node-redis,
laudspeaker/laudspeaker,DEPENDS_ON,redis/node-redis,
laudspeaker/laudspeaker,DEPENDS_ON,redis/node-redis,
laudspeaker/laudspeaker,DEPENDS_ON,ljharb/ent,
laudspeaker/laudspeaker,DEPENDS_ON,nodejs/nan,
laudspeaker/laudspeaker,DEPENDS_ON,DefinitelyTyped/DefinitelyTyped,
laudspeaker/laudspeaker,DEPENDS_ON,DefinitelyTyped/DefinitelyTyped,
laudspeaker/laudspeaker,DEPENDS_ON,babel/babel,
laudspeaker/laudspeaker,DEPENDS_ON,babel/babel,
laudspeaker/laudspeaker,DEPENDS_ON,babel/babel,
laudspeaker/laudspeaker,DEPENDS_ON,babel/babel,
laudspeaker/laudspeaker,DEPENDS_ON,DefinitelyTyped/DefinitelyTyped,
laudspeaker/laudspeaker,DEPENDS_ON,DefinitelyTyped/DefinitelyTyped,
laudspeaker/laudspeaker,DEPENDS_ON,DefinitelyTyped/DefinitelyTyped,
laudspeaker/laudspeaker,DEPENDS_ON,DefinitelyTyped/DefinitelyTyped,
laudspeaker/laudspeaker,DEPENDS_ON,DefinitelyTyped/DefinitelyTyped,
laudspeaker/laudspeaker,DEPENDS_ON,DefinitelyTyped/DefinitelyTyped,
laudspeaker/laudspeaker,DEPENDS_ON,npm/fs,
laudspeaker/laudspeaker,DEPENDS_ON,DefinitelyTyped/DefinitelyTyped,
laudspeaker/laudspeaker,DEPENDS_ON,DefinitelyTyped/DefinitelyTyped,
laudspeaker/laudspeaker,DEPENDS_ON,DefinitelyTyped/DefinitelyTyped,
laudspeaker/laudspeaker,DEPENDS_ON,DefinitelyTyped/DefinitelyTyped,
laudspeaker/laudspeaker,DEPENDS_ON,DefinitelyTyped/DefinitelyTyped,
laudspeaker/laudspeaker,DEPENDS_ON,DefinitelyTyped/DefinitelyTyped,
laudspeaker/laudspeaker,DEPENDS_ON,DefinitelyTyped/DefinitelyTyped,
laudspeaker/laudspeaker,DEPENDS_ON,DefinitelyTyped/DefinitelyTyped,
laudspeaker/laudspeaker,DEPENDS_ON,DefinitelyTyped/DefinitelyTyped,
laudspeaker/laudspeaker,DEPENDS_ON,DefinitelyTyped/DefinitelyTyped,
laudspeaker/laudspeaker,DEPENDS_ON,DefinitelyTyped/DefinitelyTyped,
laudspeaker/laudspeaker,DEPENDS_ON,DefinitelyTyped/DefinitelyTyped,
laudspeaker/laudspeaker,DEPENDS_ON,DefinitelyTyped/DefinitelyTyped,
laudspeaker/laudspeaker,DEPENDS_ON,DefinitelyTyped/DefinitelyTyped,
laudspeaker/laudspeaker,DEPENDS_ON,DefinitelyTyped/DefinitelyTyped,
laudspeaker/laudspeaker,DEPENDS_ON,DefinitelyTyped/DefinitelyTyped,
laudspeaker/laudspeaker,DEPENDS_ON,DefinitelyTyped/DefinitelyTyped,
laudspeaker/laudspeaker,DEPENDS_ON,DefinitelyTyped/DefinitelyTyped,
laudspeaker/laudspeaker,DEPENDS_ON,DefinitelyTyped/DefinitelyTyped,
laudspeaker/laudspeaker,DEPENDS_ON,DefinitelyTyped/DefinitelyTyped,
laudspeaker/laudspeaker,DEPENDS_ON,DefinitelyTyped/DefinitelyTyped,
laudspeaker/laudspeaker,DEPENDS_ON,DefinitelyTyped/DefinitelyTyped,
laudspeaker/laudspeaker,DEPENDS_ON,DefinitelyTyped/DefinitelyTyped,
laudspeaker/laudspeaker,DEPENDS_ON,DefinitelyTyped/DefinitelyTyped,
laudspeaker/laudspeaker,DEPENDS_ON,DefinitelyTyped/DefinitelyTyped,
laudspeaker/laudspeaker,DEPENDS_ON,DefinitelyTyped/DefinitelyTyped,
laudspeaker/laudspeaker,DEPENDS_ON,DefinitelyTyped/DefinitelyTyped,
laudspeaker/laudspeaker,DEPENDS_ON,DefinitelyTyped/DefinitelyTyped,
laudspeaker/laudspeaker,DEPENDS_ON,DefinitelyTyped/DefinitelyTyped,
laudspeaker/laudspeaker,DEPENDS_ON,DefinitelyTyped/DefinitelyTyped,
laudspeaker/laudspeaker,DEPENDS_ON,DefinitelyTyped/DefinitelyTyped,
laudspeaker/laudspeaker,DEPENDS_ON,googleapis/gcp-metadata,
laudspeaker/laudspeaker,DEPENDS_ON,d3/d3-dispatch,
laudspeaker/laudspeaker,DEPENDS_ON,mafintosh/generate-function,
laudspeaker/laudspeaker,DEPENDS_ON,DefinitelyTyped/DefinitelyTyped,
laudspeaker/laudspeaker,DEPENDS_ON,emn178/js-sha256,
laudspeaker/laudspeaker,DEPENDS_ON,floating-ui/floating-ui,
laudspeaker/laudspeaker,DEPENDS_ON,dawsbot/config-chain,
laudspeaker/laudspeaker,DEPENDS_ON,DefinitelyTyped/DefinitelyTyped,
laudspeaker/laudspeaker,DEPENDS_ON,DefinitelyTyped/DefinitelyTyped,
laudspeaker/laudspeaker,DEPENDS_ON,mui/material-ui,
laudspeaker/laudspeaker,DEPENDS_ON,mui/material-ui,
laudspeaker/laudspeaker,DEPENDS_ON,DefinitelyTyped/DefinitelyTyped,
laudspeaker/laudspeaker,DEPENDS_ON,DefinitelyTyped/DefinitelyTyped,
laudspeaker/laudspeaker,DEPENDS_ON,DefinitelyTyped/DefinitelyTyped,
laudspeaker/laudspeaker,DEPENDS_ON,DefinitelyTyped/DefinitelyTyped,
laudspeaker/laudspeaker,DEPENDS_ON,DefinitelyTyped/DefinitelyTyped,
laudspeaker/laudspeaker,DEPENDS_ON,DefinitelyTyped/DefinitelyTyped,
laudspeaker/laudspeaker,DEPENDS_ON,mui/material-ui,
laudspeaker/laudspeaker,DEPENDS_ON,mui/material-ui,
laudspeaker/laudspeaker,DEPENDS_ON,mui/material-ui,
laudspeaker/laudspeaker,DEPENDS_ON,DefinitelyTyped/DefinitelyTyped,
laudspeaker/laudspeaker,DEPENDS_ON,redis/node-redis,
laudspeaker/laudspeaker,DEPENDS_ON,voxpelli/version-guard,
laudspeaker/laudspeaker,DEPENDS_ON,mui/material-ui,
laudspeaker/laudspeaker,DEPENDS_ON,DefinitelyTyped/DefinitelyTyped,
laudspeaker/laudspeaker,DEPENDS_ON,DefinitelyTyped/DefinitelyTyped,
laudspeaker/laudspeaker,DEPENDS_ON,DefinitelyTyped/DefinitelyTyped,
laudspeaker/laudspeaker,DEPENDS_ON,DefinitelyTyped/DefinitelyTyped,
laudspeaker/laudspeaker,DEPENDS_ON,getsentry/sentry-javascript,
laudspeaker/laudspeaker,DEPENDS_ON,getsentry/sentry-javascript,
laudspeaker/laudspeaker,DEPENDS_ON,mui/material-ui,
laudspeaker/laudspeaker,DEPENDS_ON,mui/material-ui,
laudspeaker/laudspeaker,DEPENDS_ON,DefinitelyTyped/DefinitelyTyped,
laudspeaker/laudspeaker,DEPENDS_ON,mui/material-ui,
laudspeaker/laudspeaker,DEPENDS_ON,GrapesJS/preset-newsletter,
laudspeaker/laudspeaker,DEPENDS_ON,DefinitelyTyped/DefinitelyTyped,
laudspeaker/laudspeaker,DEPENDS_ON,DefinitelyTyped/DefinitelyTyped,
laudspeaker/laudspeaker,DEPENDS_ON,DefinitelyTyped/DefinitelyTyped,
laudspeaker/laudspeaker,DEPENDS_ON,laudspeaker/laudspeaker-js,
laudspeaker/laudspeaker,DEPENDS_ON,laudspeaker/laudspeaker-js,
laudspeaker/laudspeaker,DEPENDS_ON,laudspeaker/laudspeaker-js,
laudspeaker/laudspeaker,DEPENDS_ON,react-component/tour,
laudspeaker/laudspeaker,DEPENDS_ON,babel/babel,
laudspeaker/laudspeaker,DEPENDS_ON,react-component/trigger,
laudspeaker/laudspeaker,DEPENDS_ON,ljharb/define-data-property,
laudspeaker/laudspeaker,DEPENDS_ON,es-shims/iterator-helpers,
laudspeaker/laudspeaker,DEPENDS_ON,inspect-js/hasOwn,
laudspeaker/laudspeaker,DEPENDS_ON,ljharb/Iterator.prototype,
laudspeaker/laudspeaker,DEPENDS_ON,ljharb/set-function-length,
laudspeaker/laudspeaker,DEPENDS_ON,floating-ui/floating-ui,
laudspeaker/laudspeaker,DEPENDS_ON,mui/mui-x,
laudspeaker/laudspeaker,DEPENDS_ON,actions/checkout,
laudspeaker/laudspeaker,DEPENDS_ON,actions/upload-artifact,
laudspeaker/laudspeaker,DEPENDS_ON,docker/build-push-action,
laudspeaker/laudspeaker,DEPENDS_ON,docker/setup-buildx-action,
laudspeaker/laudspeaker,DEPENDS_ON,ldez/gha-mjolnir,
laudspeaker/laudspeaker,DEPENDS_ON,Azure/setup-helm,
laudspeaker/laudspeaker,DEPENDS_ON,srggrs/assign-one-project-github-action,
laudspeaker/laudspeaker,DEPENDS_ON,peter-evans/create-or-update-project-card,
laudspeaker/laudspeaker,DEPENDS_ON,actions/download-artifact,
laudspeaker/laudspeaker,DEPENDS_ON,docker/login-action,
laudspeaker/laudspeaker,DEPENDS_ON,mikepenz/action-junit-report,
laudspeaker/laudspeaker,DEPENDS_ON,actions/setup-node,
laudspeaker/laudspeaker,DEPENDS_ON,kanga333/variable-mapper,
laudspeaker/laudspeaker,DEPENDS_ON,grafana/k6-action,
google/visualblocks,DEPENDS_ON,DefinitelyTyped/DefinitelyTyped,
google/visualblocks,DEPENDS_ON,humanwhocodes/module-importer,
google/visualblocks,DEPENDS_ON,yargs/cliui,
google/visualblocks,DEPENDS_ON,nodelib/nodelib,
google/visualblocks,DEPENDS_ON,nodelib/nodelib,
google/visualblocks,DEPENDS_ON,nodelib/nodelib,
google/visualblocks,DEPENDS_ON,blakeembrey/array-flatten,
google/visualblocks,DEPENDS_ON,hiddentao/fast-levenshtein,
google/visualblocks,DEPENDS_ON,jshttp/forwarded,
google/visualblocks,DEPENDS_ON,inspect-js/has-symbols,
google/visualblocks,DEPENDS_ON,DefinitelyTyped/DefinitelyTyped,
google/visualblocks,DEPENDS_ON,DefinitelyTyped/DefinitelyTyped,
google/visualblocks,DEPENDS_ON,ljharb/es-define-property,
google/visualblocks,DEPENDS_ON,ljharb/define-data-property,
google/visualblocks,DEPENDS_ON,inspect-js/hasOwn,
google/visualblocks,DEPENDS_ON,ljharb/set-function-length,
google/visualblocks,DEPENDS_ON,DefinitelyTyped/DefinitelyTyped,
google/visualblocks,DEPENDS_ON,humanwhocodes/retry,
google/visualblocks,DEPENDS_ON,changesets/changesets,
google/visualblocks,DEPENDS_ON,evanw/esbuild,
google/visualblocks,DEPENDS_ON,evanw/esbuild,
google/visualblocks,DEPENDS_ON,evanw/esbuild,
google/visualblocks,DEPENDS_ON,evanw/esbuild,
google/visualblocks,DEPENDS_ON,evanw/esbuild,
google/visualblocks,DEPENDS_ON,evanw/esbuild,
google/visualblocks,DEPENDS_ON,evanw/esbuild,
google/visualblocks,DEPENDS_ON,evanw/esbuild,
google/visualblocks,DEPENDS_ON,evanw/esbuild,
google/visualblocks,DEPENDS_ON,evanw/esbuild,
google/visualblocks,DEPENDS_ON,evanw/esbuild,
google/visualblocks,DEPENDS_ON,evanw/esbuild,
google/visualblocks,DEPENDS_ON,evanw/esbuild,
google/visualblocks,DEPENDS_ON,evanw/esbuild,
google/visualblocks,DEPENDS_ON,evanw/esbuild,
google/visualblocks,DEPENDS_ON,evanw/esbuild,
google/visualblocks,DEPENDS_ON,evanw/esbuild,
google/visualblocks,DEPENDS_ON,evanw/esbuild,
google/visualblocks,DEPENDS_ON,evanw/esbuild,
google/visualblocks,DEPENDS_ON,babel/babel,
google/visualblocks,DEPENDS_ON,rollup/rollup,
google/visualblocks,DEPENDS_ON,rollup/rollup,
google/visualblocks,DEPENDS_ON,rollup/rollup,
google/visualblocks,DEPENDS_ON,rollup/rollup,
google/visualblocks,DEPENDS_ON,rollup/rollup,
google/visualblocks,DEPENDS_ON,rollup/rollup,
google/visualblocks,DEPENDS_ON,rollup/rollup,
google/visualblocks,DEPENDS_ON,vercel/turborepo,
google/visualblocks,DEPENDS_ON,vercel/turborepo,
google/visualblocks,DEPENDS_ON,pallets/flask,
google/visualblocks,DEPENDS_ON,ipython/ipython,
google/visualblocks,DEPENDS_ON,google/python_portpicker,
google/visualblocks,DEPENDS_ON,actions/checkout,
google/visualblocks,DEPENDS_ON,actions/setup-node,
enso-org/enso,DEPENDS_ON,TanStack/query,
enso-org/enso,DEPENDS_ON,TanStack/query,
enso-org/enso,DEPENDS_ON,DefinitelyTyped/DefinitelyTyped,
enso-org/enso,DEPENDS_ON,DefinitelyTyped/DefinitelyTyped,
enso-org/enso,DEPENDS_ON,DefinitelyTyped/DefinitelyTyped,
enso-org/enso,DEPENDS_ON,DefinitelyTyped/DefinitelyTyped,
enso-org/enso,DEPENDS_ON,DefinitelyTyped/DefinitelyTyped,
enso-org/enso,DEPENDS_ON,DefinitelyTyped/DefinitelyTyped,
enso-org/enso,DEPENDS_ON,DefinitelyTyped/DefinitelyTyped,
enso-org/enso,DEPENDS_ON,dubzzz/fast-check,
enso-org/enso,DEPENDS_ON,DefinitelyTyped/DefinitelyTyped,
enso-org/enso,DEPENDS_ON,dubzzz/fast-check,
enso-org/enso,DEPENDS_ON,DefinitelyTyped/DefinitelyTyped,
enso-org/enso,DEPENDS_ON,sindresorhus/is-network-error,
enso-org/enso,DEPENDS_ON,DefinitelyTyped/DefinitelyTyped,
enso-org/enso,DEPENDS_ON,DefinitelyTyped/DefinitelyTyped,
enso-org/enso,DEPENDS_ON,floating-ui/floating-ui,
enso-org/enso,DEPENDS_ON,vitest-dev/vitest,
enso-org/enso,DEPENDS_ON,tsconfig/bases,
enso-org/enso,DEPENDS_ON,stripe/stripe-js,
enso-org/enso,DEPENDS_ON,DefinitelyTyped/DefinitelyTyped,
enso-org/enso,DEPENDS_ON,nodelib/nodelib,
enso-org/enso,DEPENDS_ON,nodelib/nodelib,
enso-org/enso,DEPENDS_ON,nodelib/nodelib,
enso-org/enso,DEPENDS_ON,fb55/domelementtype,
enso-org/enso,DEPENDS_ON,isaacs/fs.realpath,
enso-org/enso,DEPENDS_ON,inspect-js/has-symbols,
enso-org/enso,DEPENDS_ON,jonschlinkert/is-plain-object,
enso-org/enso,DEPENDS_ON,fb55/domhandler,
enso-org/enso,DEPENDS_ON,fb55/domutils,
enso-org/enso,DEPENDS_ON,DefinitelyTyped/DefinitelyTyped,
enso-org/enso,DEPENDS_ON,xtuc/acorn-import-attributes,
enso-org/enso,DEPENDS_ON,blakeembrey/array-flatten,
enso-org/enso,DEPENDS_ON,jshttp/forwarded,
enso-org/enso,DEPENDS_ON,ljharb/es-define-property,
enso-org/enso,DEPENDS_ON,ljharb/define-data-property,
enso-org/enso,DEPENDS_ON,inspect-js/hasOwn,
enso-org/enso,DEPENDS_ON,ljharb/set-function-length,
enso-org/enso,DEPENDS_ON,pallets/jinja,
enso-org/enso,DEPENDS_ON,actions/checkout,
enso-org/enso,DEPENDS_ON,jetli/wasm-pack-action,
enso-org/enso,DEPENDS_ON,actions/github-script,
enso-org/enso,DEPENDS_ON,dorny/test-reporter,
enso-org/enso,DEPENDS_ON,actions/upload-artifact,
enso-org/enso,DEPENDS_ON,actions/download-artifact,
enso-org/enso,DEPENDS_ON,graalvm/setup-graalvm,
enso-org/enso,DEPENDS_ON,styfle/cancel-workflow-action,
enso-org/enso,DEPENDS_ON,humanwhocodes/module-importer,
enso-org/enso,DEPENDS_ON,yargs/cliui,
enso-org/enso,DEPENDS_ON,hiddentao/fast-levenshtein,
enso-org/enso,DEPENDS_ON,blakeembrey/change-case,
enso-org/enso,DEPENDS_ON,inspect-js/is-boolean-object,
enso-org/enso,DEPENDS_ON,ljharb/Iterator.prototype,
enso-org/enso,DEPENDS_ON,DefinitelyTyped/DefinitelyTyped,
enso-org/enso,DEPENDS_ON,ahmadnassri/node-har-validator,
enso-org/enso,DEPENDS_ON,rvagg/isstream,
enso-org/enso,DEPENDS_ON,mbostock/rw,
enso-org/enso,DEPENDS_ON,DefinitelyTyped/DefinitelyTyped,
enso-org/enso,DEPENDS_ON,DefinitelyTyped/DefinitelyTyped,
enso-org/enso,DEPENDS_ON,archiverjs/node-archiver,
enso-org/enso,DEPENDS_ON,DefinitelyTyped/DefinitelyTyped,
enso-org/enso,DEPENDS_ON,DefinitelyTyped/DefinitelyTyped,
enso-org/enso,DEPENDS_ON,dawsbot/config-chain,
enso-org/enso,DEPENDS_ON,jpeg-js/jpeg-js,
enso-org/enso,DEPENDS_ON,DefinitelyTyped/DefinitelyTyped,
enso-org/enso,DEPENDS_ON,DefinitelyTyped/DefinitelyTyped,
enso-org/enso,DEPENDS_ON,es-shims/es-set-tostringtag,
enso-org/enso,DEPENDS_ON,inspect-js/typed-array-buffer,
enso-org/enso,DEPENDS_ON,inspect-js/typed-array-byte-length,
enso-org/enso,DEPENDS_ON,ljharb/safe-array-concat,
enso-org/enso,DEPENDS_ON,smithy-lang/smithy-typescript,
enso-org/enso,DEPENDS_ON,smithy-lang/smithy-typescript,
enso-org/enso,DEPENDS_ON,smithy-lang/smithy-typescript,
enso-org/enso,DEPENDS_ON,DefinitelyTyped/DefinitelyTyped,
enso-org/enso,DEPENDS_ON,es-shims/iterator-helpers,
enso-org/enso,DEPENDS_ON,DefinitelyTyped/DefinitelyTyped,
enso-org/enso,DEPENDS_ON,babel/babel,
enso-org/enso,DEPENDS_ON,evanw/esbuild,
enso-org/enso,DEPENDS_ON,evanw/esbuild,
enso-org/enso,DEPENDS_ON,evanw/esbuild,
enso-org/enso,DEPENDS_ON,evanw/esbuild,
enso-org/enso,DEPENDS_ON,evanw/esbuild,
enso-org/enso,DEPENDS_ON,evanw/esbuild,
enso-org/enso,DEPENDS_ON,evanw/esbuild,
enso-org/enso,DEPENDS_ON,evanw/esbuild,
enso-org/enso,DEPENDS_ON,evanw/esbuild,
enso-org/enso,DEPENDS_ON,evanw/esbuild,
enso-org/enso,DEPENDS_ON,getsentry/sentry-javascript,
enso-org/enso,DEPENDS_ON,getsentry/sentry-javascript,
enso-org/enso,DEPENDS_ON,floating-ui/floating-ui,
enso-org/enso,DEPENDS_ON,evanw/esbuild,
enso-org/enso,DEPENDS_ON,rollup/rollup,
enso-org/enso,DEPENDS_ON,rollup/rollup,
enso-org/enso,DEPENDS_ON,rollup/rollup,
enso-org/enso,DEPENDS_ON,rollup/rollup,
enso-org/enso,DEPENDS_ON,rollup/rollup,
enso-org/enso,DEPENDS_ON,rollup/rollup,
enso-org/enso,DEPENDS_ON,rollup/rollup,
enso-org/enso,DEPENDS_ON,humanwhocodes/retry,
GraphiteEditor/Graphite,DEPENDS_ON,humanwhocodes/module-importer,
GraphiteEditor/Graphite,DEPENDS_ON,nodelib/nodelib,
GraphiteEditor/Graphite,DEPENDS_ON,nodelib/nodelib,
GraphiteEditor/Graphite,DEPENDS_ON,nodelib/nodelib,
GraphiteEditor/Graphite,DEPENDS_ON,hiddentao/fast-levenshtein,
GraphiteEditor/Graphite,DEPENDS_ON,isaacs/fs.realpath,
GraphiteEditor/Graphite,DEPENDS_ON,inspect-js/has-symbols,
GraphiteEditor/Graphite,DEPENDS_ON,inspect-js/is-boolean-object,
GraphiteEditor/Graphite,DEPENDS_ON,inspect-js/is-callable,
GraphiteEditor/Graphite,DEPENDS_ON,typestack/class-transformer,
GraphiteEditor/Graphite,DEPENDS_ON,sindresorhus/array-find-index,
GraphiteEditor/Graphite,DEPENDS_ON,DefinitelyTyped/DefinitelyTyped,
GraphiteEditor/Graphite,DEPENDS_ON,es-shims/es-set-tostringtag,
GraphiteEditor/Graphite,DEPENDS_ON,ljharb/es-define-property,
GraphiteEditor/Graphite,DEPENDS_ON,ljharb/define-data-property,
GraphiteEditor/Graphite,DEPENDS_ON,inspect-js/typed-array-buffer,
GraphiteEditor/Graphite,DEPENDS_ON,inspect-js/typed-array-byte-length,
GraphiteEditor/Graphite,DEPENDS_ON,inspect-js/hasOwn,
GraphiteEditor/Graphite,DEPENDS_ON,ljharb/set-function-length,
GraphiteEditor/Graphite,DEPENDS_ON,ljharb/safe-array-concat,
GraphiteEditor/Graphite,DEPENDS_ON,sveltejs/vite-plugin-svelte,
GraphiteEditor/Graphite,DEPENDS_ON,evanw/esbuild,
GraphiteEditor/Graphite,DEPENDS_ON,evanw/esbuild,
GraphiteEditor/Graphite,DEPENDS_ON,evanw/esbuild,
GraphiteEditor/Graphite,DEPENDS_ON,evanw/esbuild,
GraphiteEditor/Graphite,DEPENDS_ON,evanw/esbuild,
GraphiteEditor/Graphite,DEPENDS_ON,evanw/esbuild,
GraphiteEditor/Graphite,DEPENDS_ON,evanw/esbuild,
GraphiteEditor/Graphite,DEPENDS_ON,evanw/esbuild,
GraphiteEditor/Graphite,DEPENDS_ON,evanw/esbuild,
GraphiteEditor/Graphite,DEPENDS_ON,evanw/esbuild,
GraphiteEditor/Graphite,DEPENDS_ON,rollup/rollup,
GraphiteEditor/Graphite,DEPENDS_ON,rollup/rollup,
GraphiteEditor/Graphite,DEPENDS_ON,rollup/rollup,
GraphiteEditor/Graphite,DEPENDS_ON,rollup/rollup,
GraphiteEditor/Graphite,DEPENDS_ON,rollup/rollup,
GraphiteEditor/Graphite,DEPENDS_ON,rollup/rollup,
GraphiteEditor/Graphite,DEPENDS_ON,rollup/rollup,
GraphiteEditor/Graphite,DEPENDS_ON,cloudflare/pages-action,
GraphiteEditor/Graphite,DEPENDS_ON,actions/checkout,
GraphiteEditor/Graphite,DEPENDS_ON,actions/setup-node,
GraphiteEditor/Graphite,DEPENDS_ON,EmbarkStudios/cargo-deny-action,
GraphiteEditor/Graphite,DEPENDS_ON,actions/github-script,
GraphiteEditor/Graphite,DEPENDS_ON,actions-rs/toolchain,
GraphiteEditor/Graphite,DEPENDS_ON,actions/cache,
GraphiteEditor/Graphite,DEPENDS_ON,Mozilla-Actions/sccache-action,
GraphiteEditor/Graphite,DEPENDS_ON,dorny/paths-filter,
GraphiteEditor/Graphite,DEPENDS_ON,taiki-e/install-action,
node-red/node-red,DEPENDS_ON,actions/checkout,
node-red/node-red,DEPENDS_ON,actions/setup-node,
node-red/node-red,DEPENDS_ON,peter-evans/create-pull-request,
JacquesLucke/animation_nodes,DEPENDS_ON,actions/upload-artifact,
JacquesLucke/animation_nodes,DEPENDS_ON,actions/checkout,
JacquesLucke/animation_nodes,DEPENDS_ON,actions/setup-python,
JacquesLucke/animation_nodes,DEPENDS_ON,ilammy/msvc-dev-cmd,
JacquesLucke/animation_nodes,DEPENDS_ON,svenstaro/upload-release-action,
JacquesLucke/animation_nodes,DEPENDS_ON,actions/download-artifact,
Nelarius/imnodes,DEPENDS_ON,actions/checkout,
Nelarius/imnodes,DEPENDS_ON,lukka/run-vcpkg,
