id,
2dgraphics,
ai,
animationnodes,
art,
artificialintelligence,
blender,
blueprints,
canvas2d,
chatbot,
chatgpt,
checklistguides,
classification,
clustering,
compiler,
compositor,
cpp,
customerengagement,
customerjourney,
dataflow,
dataflowprogramming,
datamining,
datascience,
datavisualization,
decisiontrees,
design,
drawflow,
editor,
emailmarketing,
enso,
evaluation,
finitestatemachine,
flow,
flowbased,
flowbasedprogramming,
flowchart,
framework,
functional,
functionalprogramming,
gamedev,
graalvm,
graph,
grapheditor,
graphicdesign,
graphicseditor,
graphs,
growtheng,
hacktoberfest,
hybrid,
imagegeneration,
imagemanipulation,
imageprocessing,
imgui,
interpreter,
javascript,
javascriptlibrary,
jit,
langchain,
language,
largelanguagemodels,
liveprogramming,
llamaindex,
llm,
llmops,
llms,
lowcode,
machinelearning,
modular,
nestjs,
nocode,
nodebased,
nodeeditor,
nodegraph,
nodejs,
nodered,
nodes,
numpy,
omnichannel,
onboarding,
openai,
openjsfoundation,
orange,
orange3,
pandas,
photoediting,
photoeditor,
plotting,
polyglot,
procedural,
proceduralart,
proceduraldrawing,
productadoption,
programming,
programminglanguage,
promptengineering,
pushnotifications,
pyflow,
pyside2,
python,
pytorch,
qt,
rag,
randomforest,
react,
reactiveprogramming,
regression,
rts,
scikitlearn,
scipy,
setupwizard,
smsmarketing,
stablediffusion,
statemachine,
statemachines,
subgraphs,
svgeditor,
textual,
tool,
typescript,
ui,
unit,
useronboarding,
vectoreditor,
visual,
visualization,
visualprogramming,
visualprogrammingeditor,
visualprogramminglanguage,
visualstudiocode,
vscode,
vscodeextension,
vue,
workflow,
workflowautomation,
